mtry,min_n,.metric,.estimator,mean,n,std_err,.config
32,28,accuracy,binary,0.9009859943977591,5,0.019947137256399846,Preprocessor1_Model01
32,28,bal_accuracy,binary,0.6891469039849611,5,0.06902999183151146,Preprocessor1_Model01
32,28,roc_auc,binary,0.8767248196643392,5,0.02172508502949509,Preprocessor1_Model01
32,28,sens,binary,0.9692703382722953,5,0.025060038869393543,Preprocessor1_Model01
32,28,spec,binary,0.409023469697627,5,0.1523768577290405,Preprocessor1_Model01
16,6,accuracy,binary,0.9045490196078432,5,0.01930643409124823,Preprocessor1_Model02
16,6,bal_accuracy,binary,0.7027688882014893,5,0.06797917981318632,Preprocessor1_Model02
16,6,roc_auc,binary,0.8971712368239465,5,0.017250834250226943,Preprocessor1_Model02
16,6,sens,binary,0.9673008235592843,5,0.023589363959301758,Preprocessor1_Model02
16,6,spec,binary,0.4382369528436944,5,0.14793591460648678,Preprocessor1_Model02
15,7,accuracy,binary,0.903406162464986,5,0.019800592432510422,Preprocessor1_Model03
15,7,bal_accuracy,binary,0.701253903263386,5,0.06803901570214052,Preprocessor1_Model03
15,7,roc_auc,binary,0.8996196343739337,5,0.014581027491820785,Preprocessor1_Model03
15,7,sens,binary,0.9665180446943136,5,0.02435758901783095,Preprocessor1_Model03
15,7,spec,binary,0.43598976183245847,5,0.14854921424715917,Preprocessor1_Model03
4,17,accuracy,binary,0.9115182072829132,5,0.027956931174686627,Preprocessor1_Model04
4,17,bal_accuracy,binary,0.6306064363712162,5,0.060111784782349624,Preprocessor1_Model04
4,17,roc_auc,binary,0.8995539576543782,5,0.027021047838346517,Preprocessor1_Model04
4,17,sens,binary,0.9918362730287541,5,0.004612087557303993,Preprocessor1_Model04
4,17,spec,binary,0.2693765997136784,5,0.11788952921909779,Preprocessor1_Model04
15,25,accuracy,binary,0.901703081232493,5,0.019869606085390606,Preprocessor1_Model05
15,25,bal_accuracy,binary,0.6858266902599451,5,0.07081004558035582,Preprocessor1_Model05
15,25,roc_auc,binary,0.8948172839350487,5,0.017606205434271504,Preprocessor1_Model05
15,25,sens,binary,0.9716186748672072,5,0.02275847526764839,Preprocessor1_Model05
15,25,spec,binary,0.4000347056526832,5,0.15467981184878296,Preprocessor1_Model05
26,33,accuracy,binary,0.8986330532212885,5,0.020901671736115034,Preprocessor1_Model06
26,33,bal_accuracy,binary,0.6824053309512532,5,0.07066593481442354,Preprocessor1_Model06
26,33,roc_auc,binary,0.880404512970923,5,0.02190010791325652,Preprocessor1_Model06
26,33,sens,binary,0.9692703382722953,5,0.025060038869393543,Preprocessor1_Model06
26,33,spec,binary,0.39554032363021124,5,0.15601285624577862,Preprocessor1_Model06
27,22,accuracy,binary,0.9025770308123249,5,0.019516457710212272,Preprocessor1_Model07
27,22,bal_accuracy,binary,0.6954297614223387,5,0.0681301485253627,Preprocessor1_Model07
27,22,roc_auc,binary,0.8868167473460091,5,0.02179317263568553,Preprocessor1_Model07
27,22,sens,binary,0.9683529070796347,5,0.024794173771761987,Preprocessor1_Model07
27,22,spec,binary,0.4225066157650427,5,0.14986991921175194,Preprocessor1_Model07
28,12,accuracy,binary,0.8987002801120448,5,0.02077138680049098,Preprocessor1_Model08
28,12,bal_accuracy,binary,0.6877707571959703,5,0.06931382664155672,Preprocessor1_Model08
28,12,roc_auc,binary,0.8886748348982957,5,0.018573953086551832,Preprocessor1_Model08
28,12,sens,binary,0.9665180446943136,5,0.02435758901783095,Preprocessor1_Model08
28,12,spec,binary,0.409023469697627,5,0.1523768577290405,Preprocessor1_Model08
6,37,accuracy,binary,0.9019943977591036,5,0.024347699868805736,Preprocessor1_Model09
6,37,bal_accuracy,binary,0.6256804053832272,5,0.05881996830502015,Preprocessor1_Model09
6,37,roc_auc,binary,0.8985614676944244,5,0.025208324461222547,Preprocessor1_Model09
6,37,sens,binary,0.981984211052776,5,0.011115145801262698,Preprocessor1_Model09
6,37,spec,binary,0.2693765997136784,5,0.11788952921909779,Preprocessor1_Model09
28,20,accuracy,binary,0.9002240896358543,5,0.02019689816011064,Preprocessor1_Model10
28,20,bal_accuracy,binary,0.6886881883886309,5,0.06912168880127992,Preprocessor1_Model10
28,20,roc_auc,binary,0.8890029404431158,5,0.020838112243512005,Preprocessor1_Model10
28,20,sens,binary,0.9683529070796347,5,0.024794173771761987,Preprocessor1_Model10
28,20,spec,binary,0.409023469697627,5,0.1523768577290405,Preprocessor1_Model10
29,26,accuracy,binary,0.9032717086834734,5,0.019189695859565828,Preprocessor1_Model11
29,26,bal_accuracy,binary,0.6903210722824171,5,0.06977941909263141,Preprocessor1_Model11
29,26,roc_auc,binary,0.8892445147230077,5,0.021695371006950456,Preprocessor1_Model11
29,26,sens,binary,0.9716186748672072,5,0.02275847526764839,Preprocessor1_Model11
29,26,spec,binary,0.409023469697627,5,0.1523768577290405,Preprocessor1_Model11
10,40,accuracy,binary,0.8997759103641456,5,0.0224439083276548,Preprocessor1_Model12
10,40,bal_accuracy,binary,0.6300736418220232,5,0.05703244128109279,Preprocessor1_Model12
10,40,roc_auc,binary,0.9002482180860879,5,0.021097924058883565,Preprocessor1_Model12
10,40,sens,binary,0.9772875378629522,5,0.015529494126964563,Preprocessor1_Model12
10,40,spec,binary,0.2828597457810941,5,0.11477234181722734,Preprocessor1_Model12
30,27,accuracy,binary,0.9009859943977591,5,0.019947137256399846,Preprocessor1_Model13
30,27,bal_accuracy,binary,0.6891469039849611,5,0.06902999183151146,Preprocessor1_Model13
30,27,roc_auc,binary,0.8820890950378918,5,0.021983883017761174,Preprocessor1_Model13
30,27,sens,binary,0.9692703382722953,5,0.025060038869393543,Preprocessor1_Model13
30,27,spec,binary,0.409023469697627,5,0.1523768577290405,Preprocessor1_Model13
36,10,accuracy,binary,0.897187675070028,5,0.021385936605401848,Preprocessor1_Model14
36,10,bal_accuracy,binary,0.6932322740068144,5,0.067773961450737,Preprocessor1_Model14
36,10,roc_auc,binary,0.8825655919658205,5,0.022727072223056186,Preprocessor1_Model14
36,10,sens,binary,0.9617107412373501,5,0.02546284647039016,Preprocessor1_Model14
36,10,spec,binary,0.42475380677627866,5,0.14956622638645414,Preprocessor1_Model14
9,8,accuracy,binary,0.9021288515406163,5,0.01962206766953003,Preprocessor1_Model15
9,8,bal_accuracy,binary,0.6869502857655632,5,0.07052695476174049,Preprocessor1_Model15
9,8,roc_auc,binary,0.9069662436947634,5,0.017225552438376507,Preprocessor1_Model15
9,8,sens,binary,0.9716186748672072,5,0.02275847526764839,Preprocessor1_Model15
9,8,spec,binary,0.4022818966639191,5,0.1540581391413719,Preprocessor1_Model15
27,35,accuracy,binary,0.8993949579831932,5,0.020762651512372585,Preprocessor1_Model16
27,35,bal_accuracy,binary,0.6790851172262373,5,0.07232845494252264,Preprocessor1_Model16
27,35,roc_auc,binary,0.8805914202551217,5,0.021871985098774548,Preprocessor1_Model16
27,35,sens,binary,0.9716186748672072,5,0.02275847526764839,Preprocessor1_Model16
27,35,spec,binary,0.38655155958526743,5,0.15807134568565198,Preprocessor1_Model16
8,14,accuracy,binary,0.9032044817927171,5,0.02064152025300236,Preprocessor1_Model17
8,14,bal_accuracy,binary,0.6791862628099133,5,0.07445526463405681,Preprocessor1_Model17
8,14,roc_auc,binary,0.9032304361090959,5,0.021737702320578308,Preprocessor1_Model17
8,14,sens,binary,0.976315348057031,5,0.01819125069453652,Preprocessor1_Model17
8,14,spec,binary,0.38205717756279556,5,0.15928094124099745,Preprocessor1_Model17
10,20,accuracy,binary,0.8986330532212885,5,0.02105731449186264,Preprocessor1_Model18
10,20,bal_accuracy,binary,0.6768379262150014,5,0.07287954314228023,Preprocessor1_Model18
10,20,roc_auc,binary,0.9041853980206344,5,0.019677871519305168,Preprocessor1_Model18
10,20,sens,binary,0.9716186748672072,5,0.02275847526764839,Preprocessor1_Model18
10,20,spec,binary,0.38205717756279556,5,0.15928094124099745,Preprocessor1_Model18
20,40,accuracy,binary,0.8986330532212885,5,0.02105731449186264,Preprocessor1_Model19
20,40,bal_accuracy,binary,0.6351549516553144,5,0.055008801761993284,Preprocessor1_Model19
20,40,roc_auc,binary,0.8862757634406564,5,0.023944054656264764,Preprocessor1_Model19
20,40,sens,binary,0.9739670114621191,5,0.02046754050702763,Preprocessor1_Model19
20,40,spec,binary,0.2963428918485098,5,0.11115998461219215,Preprocessor1_Model19
37,5,accuracy,binary,0.895327731092437,5,0.02068553088145644,Preprocessor1_Model20
37,5,bal_accuracy,binary,0.7017631695732366,5,0.07162824036972648,Preprocessor1_Model20
37,5,roc_auc,binary,0.8867309699056126,5,0.023249891620013126,Preprocessor1_Model20
37,5,sens,binary,0.9567257665032038,5,0.02439304344720158,Preprocessor1_Model20
37,5,spec,binary,0.4468005726432693,5,0.15275225098223355,Preprocessor1_Model20
15,2,accuracy,binary,0.9060728291316527,5,0.018761733298089944,Preprocessor1_Model21
15,2,bal_accuracy,binary,0.70355166706646,5,0.06845179799608121,Preprocessor1_Model21
15,2,roc_auc,binary,0.9042899859154013,5,0.014720102314320761,Preprocessor1_Model21
15,2,sens,binary,0.9688663812892255,5,0.022055984380633865,Preprocessor1_Model21
15,2,spec,binary,0.4382369528436944,5,0.14793591460648678,Preprocessor1_Model21
18,31,accuracy,binary,0.8997759103641456,5,0.020624298147607276,Preprocessor1_Model22
18,31,bal_accuracy,binary,0.6802087127318552,5,0.07207760808896051,Preprocessor1_Model22
18,31,roc_auc,binary,0.8941042978453992,5,0.018457091724021782,Preprocessor1_Model22
18,31,sens,binary,0.9716186748672072,5,0.02275847526764839,Preprocessor1_Model22
18,31,spec,binary,0.3887987505965034,5,0.15751116141824115,Preprocessor1_Model22
13,31,accuracy,binary,0.8986330532212885,5,0.02105731449186264,Preprocessor1_Model23
13,31,bal_accuracy,binary,0.6698907637883869,5,0.06847775227640822,Preprocessor1_Model23
13,31,roc_auc,binary,0.8929077446659354,5,0.019876067307585878,Preprocessor1_Model23
13,31,sens,binary,0.9720100642996925,5,0.02237582633971984,Preprocessor1_Model23
13,31,spec,binary,0.36777146327708127,5,0.14893297396954633,Preprocessor1_Model23
16,26,accuracy,binary,0.9009187675070028,5,0.02024660710962568,Preprocessor1_Model24
16,26,bal_accuracy,binary,0.6835794992487092,5,0.07142590405804111,Preprocessor1_Model24
16,26,roc_auc,binary,0.8938101048842878,5,0.017757107152526812,Preprocessor1_Model24
16,26,sens,binary,0.9716186748672072,5,0.02275847526764839,Preprocessor1_Model24
16,26,spec,binary,0.39554032363021124,5,0.15601285624577862,Preprocessor1_Model24
33,17,accuracy,binary,0.9010532212885154,5,0.02015491634731013,Preprocessor1_Model25
33,17,bal_accuracy,binary,0.6945123302296782,5,0.06834770152490231,Preprocessor1_Model25
33,17,roc_auc,binary,0.8829367504136809,5,0.02033578518545365,Preprocessor1_Model25
33,17,sens,binary,0.9665180446943136,5,0.02435758901783095,Preprocessor1_Model25
33,17,spec,binary,0.4225066157650427,5,0.14986991921175194,Preprocessor1_Model25
8,25,accuracy,binary,0.9009187675070028,5,0.021799798666513513,Preprocessor1_Model26
8,25,bal_accuracy,binary,0.6307617152165186,5,0.05683689444421871,Preprocessor1_Model26
8,25,roc_auc,binary,0.9023138211892034,5,0.020844299431144266,Preprocessor1_Model26
8,25,sens,binary,0.978663684651943,5,0.015935882742482116,Preprocessor1_Model26
8,25,spec,binary,0.2828597457810941,5,0.11477234181722734,Preprocessor1_Model26
10,12,accuracy,binary,0.9048515406162465,5,0.01907805773536702,Preprocessor1_Model27
10,12,bal_accuracy,binary,0.6901759503580125,5,0.07131363395168885,Preprocessor1_Model27
10,12,roc_auc,binary,0.9073711347724172,5,0.019229071258467758,Preprocessor1_Model27
10,12,sens,binary,0.9735756220296338,5,0.02084847595511646,Preprocessor1_Model27
10,12,spec,binary,0.40677627868639105,5,0.15413981180303957,Preprocessor1_Model27
11,21,accuracy,binary,0.8986330532212885,5,0.02105731449186264,Preprocessor1_Model28
11,21,bal_accuracy,binary,0.6768379262150014,5,0.07287954314228023,Preprocessor1_Model28
11,21,roc_auc,binary,0.9030490015977443,5,0.022047423389523584,Preprocessor1_Model28
11,21,sens,binary,0.9716186748672072,5,0.02275847526764839,Preprocessor1_Model28
11,21,spec,binary,0.38205717756279556,5,0.15928094124099745,Preprocessor1_Model28
24,4,accuracy,binary,0.8998767507002801,5,0.0209489234553465,Preprocessor1_Model29
24,4,bal_accuracy,binary,0.7017486489538497,5,0.06825531678023267,Preprocessor1_Model29
24,4,roc_auc,binary,0.8936197905815578,5,0.014606662938629826,Preprocessor1_Model29
24,4,sens,binary,0.9621021306698354,5,0.025076129727209896,Preprocessor1_Model29
24,4,spec,binary,0.4413951672378639,5,0.14943217577526907,Preprocessor1_Model29
28,30,accuracy,binary,0.9009859943977591,5,0.019947137256399846,Preprocessor1_Model30
28,30,bal_accuracy,binary,0.6891469039849611,5,0.06902999183151146,Preprocessor1_Model30
28,30,roc_auc,binary,0.8826173078678851,5,0.021682283042017667,Preprocessor1_Model30
28,30,sens,binary,0.9692703382722953,5,0.025060038869393543,Preprocessor1_Model30
28,30,spec,binary,0.409023469697627,5,0.1523768577290405,Preprocessor1_Model30
8,37,accuracy,binary,0.8997759103641456,5,0.0224439083276548,Preprocessor1_Model31
8,37,bal_accuracy,binary,0.6300736418220232,5,0.05703244128109279,Preprocessor1_Model31
8,37,roc_auc,binary,0.8954141511521625,5,0.023221935022265196,Preprocessor1_Model31
8,37,sens,binary,0.9772875378629522,5,0.015529494126964563,Preprocessor1_Model31
8,37,spec,binary,0.2828597457810941,5,0.11477234181722734,Preprocessor1_Model31
28,23,accuracy,binary,0.9018151260504201,5,0.019823619457469754,Preprocessor1_Model32
28,23,bal_accuracy,binary,0.6949710458260084,5,0.06823746991876414,Preprocessor1_Model32
28,23,roc_auc,binary,0.883635829695422,5,0.01992990532272011,Preprocessor1_Model32
28,23,sens,binary,0.9674354758869741,5,0.02455972145403278,Preprocessor1_Model32
28,23,spec,binary,0.4225066157650427,5,0.14986991921175194,Preprocessor1_Model32
33,21,accuracy,binary,0.899484593837535,5,0.02053801989870118,Preprocessor1_Model33
33,21,bal_accuracy,binary,0.6900179482072062,5,0.06892005568406245,Preprocessor1_Model33
33,21,roc_auc,binary,0.8812217952849551,5,0.020314937582567753,Preprocessor1_Model33
33,21,sens,binary,0.9665180446943136,5,0.02435758901783095,Preprocessor1_Model33
33,21,spec,binary,0.4135178517200989,5,0.15141247131451452,Preprocessor1_Model33
26,12,accuracy,binary,0.9022296918767507,5,0.019943870581653565,Preprocessor1_Model34
26,12,bal_accuracy,binary,0.697883116746532,5,0.06811017382876383,Preprocessor1_Model34
26,12,roc_auc,binary,0.8887508667882688,5,0.017124355487229695,Preprocessor1_Model34
26,12,sens,binary,0.9665180446943136,5,0.02435758901783095,Preprocessor1_Model34
26,12,spec,binary,0.4292481887987506,5,0.14905865309341793,Preprocessor1_Model34
35,9,accuracy,binary,0.8991484593837534,5,0.02095160501266968,Preprocessor1_Model35
35,9,bal_accuracy,binary,0.6988502515349043,5,0.06746312768489778,Preprocessor1_Model35
35,9,roc_auc,binary,0.8864470058027483,5,0.019010668253690636,Preprocessor1_Model35
35,9,sens,binary,0.9617107412373501,5,0.02546284647039016,Preprocessor1_Model35
35,9,spec,binary,0.43598976183245847,5,0.14854921424715917,Preprocessor1_Model35
30,22,accuracy,binary,0.9025770308123249,5,0.019516457710212272,Preprocessor1_Model36
30,22,bal_accuracy,binary,0.6954297614223387,5,0.0681301485253627,Preprocessor1_Model36
30,22,roc_auc,binary,0.8798572751728008,5,0.022978076669283993,Preprocessor1_Model36
30,22,sens,binary,0.9683529070796347,5,0.024794173771761987,Preprocessor1_Model36
30,22,spec,binary,0.4225066157650427,5,0.14986991921175194,Preprocessor1_Model36
6,3,accuracy,binary,0.9047843137254902,5,0.021098559863620504,Preprocessor1_Model37
6,3,bal_accuracy,binary,0.6790411408855086,5,0.07605213346071897,Preprocessor1_Model37
6,3,roc_auc,binary,0.9077006510719768,5,0.01935528338097652,Preprocessor1_Model37
6,3,sens,binary,0.9782722952194577,5,0.016309955166024313,Preprocessor1_Model37
6,3,spec,binary,0.37980998655155956,5,0.16110940959759953,Preprocessor1_Model37
9,14,accuracy,binary,0.8986330532212885,5,0.02105731449186264,Preprocessor1_Model38
9,14,bal_accuracy,binary,0.6768379262150014,5,0.07287954314228023,Preprocessor1_Model38
9,14,roc_auc,binary,0.9051575793512014,5,0.019691429041040234,Preprocessor1_Model38
9,14,sens,binary,0.9716186748672072,5,0.02275847526764839,Preprocessor1_Model38
9,14,spec,binary,0.38205717756279556,5,0.15928094124099745,Preprocessor1_Model38
13,7,accuracy,binary,0.9056918767507003,5,0.01896453787395904,Preprocessor1_Model39
13,7,bal_accuracy,binary,0.702428071560842,5,0.0687475627713278,Preprocessor1_Model39
13,7,roc_auc,binary,0.9007830410328175,5,0.015450544337449568,Preprocessor1_Model39
13,7,sens,binary,0.9688663812892255,5,0.022055984380633865,Preprocessor1_Model39
13,7,spec,binary,0.43598976183245847,5,0.14854921424715917,Preprocessor1_Model39
14,9,accuracy,binary,0.9033389355742296,5,0.019403607002095234,Preprocessor1_Model40
14,9,bal_accuracy,binary,0.695686498527134,5,0.06908173350231049,Preprocessor1_Model40
14,9,roc_auc,binary,0.896448133912141,5,0.018890150767173715,Preprocessor1_Model40
14,9,sens,binary,0.9688663812892255,5,0.022055984380633865,Preprocessor1_Model40
14,9,spec,binary,0.4225066157650427,5,0.14986991921175194,Preprocessor1_Model40
19,33,accuracy,binary,0.8993949579831932,5,0.020762651512372585,Preprocessor1_Model41
19,33,bal_accuracy,binary,0.6651907923730084,5,0.06402415656061415,Preprocessor1_Model41
19,33,roc_auc,binary,0.8925056980259014,5,0.0183827290888152,Preprocessor1_Model41
19,33,sens,binary,0.9724014537321778,5,0.021993485027120153,Preprocessor1_Model41
19,33,spec,binary,0.3579801310138389,5,0.1381308945719018,Preprocessor1_Model41
34,37,accuracy,binary,0.8993949579831932,5,0.020762651512372585,Preprocessor1_Model42
34,37,bal_accuracy,binary,0.6651907923730084,5,0.06402415656061415,Preprocessor1_Model42
34,37,roc_auc,binary,0.8769397944744796,5,0.023156846440252746,Preprocessor1_Model42
34,37,sens,binary,0.9724014537321778,5,0.021993485027120153,Preprocessor1_Model42
34,37,spec,binary,0.3579801310138389,5,0.1381308945719018,Preprocessor1_Model42
28,15,accuracy,binary,0.9010532212885154,5,0.02015491634731013,Preprocessor1_Model43
28,15,bal_accuracy,binary,0.6945123302296782,5,0.06834770152490231,Preprocessor1_Model43
28,15,roc_auc,binary,0.8892259191532699,5,0.019125293495017695,Preprocessor1_Model43
28,15,sens,binary,0.9665180446943136,5,0.02435758901783095,Preprocessor1_Model43
28,15,spec,binary,0.4225066157650427,5,0.14986991921175194,Preprocessor1_Model43
26,17,accuracy,binary,0.9010532212885154,5,0.02015491634731013,Preprocessor1_Model44
26,17,bal_accuracy,binary,0.6945123302296782,5,0.06834770152490231,Preprocessor1_Model44
26,17,roc_auc,binary,0.8903303078231412,5,0.019765325128601283,Preprocessor1_Model44
26,17,sens,binary,0.9665180446943136,5,0.02435758901783095,Preprocessor1_Model44
26,17,spec,binary,0.4225066157650427,5,0.14986991921175194,Preprocessor1_Model44
22,24,accuracy,binary,0.9044481792717086,5,0.018749835737497333,Preprocessor1_Model45
22,24,bal_accuracy,binary,0.693691858799271,5,0.06918820501595635,Preprocessor1_Model45
22,24,roc_auc,binary,0.8900760757716163,5,0.019898294682874875,Preprocessor1_Model45
22,24,sens,binary,0.9716186748672072,5,0.02275847526764839,Preprocessor1_Model45
22,24,spec,binary,0.41576504273133486,5,0.1509781471637132,Preprocessor1_Model45
16,34,accuracy,binary,0.8986330532212885,5,0.02105731449186264,Preprocessor1_Model46
16,34,bal_accuracy,binary,0.6351549516553144,5,0.055008801761993284,Preprocessor1_Model46
16,34,roc_auc,binary,0.8918577130670285,5,0.020291648465689816,Preprocessor1_Model46
16,34,sens,binary,0.9739670114621191,5,0.02046754050702763,Preprocessor1_Model46
16,34,spec,binary,0.2963428918485098,5,0.11115998461219215,Preprocessor1_Model46
27,11,accuracy,binary,0.9006610644257703,5,0.020239977619804055,Preprocessor1_Model47
27,11,bal_accuracy,binary,0.6942748005384667,5,0.06837067649180661,Preprocessor1_Model47
27,11,roc_auc,binary,0.8903385453827248,5,0.016781437740368863,Preprocessor1_Model47
27,11,sens,binary,0.9660429853118908,5,0.024198447588088645,Preprocessor1_Model47
27,11,spec,binary,0.4225066157650427,5,0.14986991921175194,Preprocessor1_Model47
32,26,accuracy,binary,0.9006050420168067,5,0.020068790827830515,Preprocessor1_Model48
32,26,bal_accuracy,binary,0.688917546186796,5,0.06907547475407015,Preprocessor1_Model48
32,26,roc_auc,binary,0.8806696437946878,5,0.02211221606783366,Preprocessor1_Model48
32,26,sens,binary,0.968811622675965,5,0.024923239768970762,Preprocessor1_Model48
32,26,spec,binary,0.409023469697627,5,0.1523768577290405,Preprocessor1_Model48
17,9,accuracy,binary,0.903406162464986,5,0.019800592432510422,Preprocessor1_Model49
17,9,bal_accuracy,binary,0.701253903263386,5,0.06803901570214052,Preprocessor1_Model49
17,9,roc_auc,binary,0.8943589383318854,5,0.018586247798801553,Preprocessor1_Model49
17,9,sens,binary,0.9665180446943136,5,0.02435758901783095,Preprocessor1_Model49
17,9,spec,binary,0.43598976183245847,5,0.14854921424715917,Preprocessor1_Model49
31,19,accuracy,binary,0.8990924369747899,5,0.020651309849075677,Preprocessor1_Model50
31,19,bal_accuracy,binary,0.6888943527015883,5,0.06910808818607833,Preprocessor1_Model50
31,19,roc_auc,binary,0.8836002238128084,5,0.023674659279316484,Preprocessor1_Model50
31,19,sens,binary,0.9665180446943136,5,0.02435758901783095,Preprocessor1_Model50
31,19,spec,binary,0.411270660708863,5,0.15187880613512697,Preprocessor1_Model50
7,10,accuracy,binary,0.8986330532212885,5,0.02181888069616995,Preprocessor1_Model51
7,10,bal_accuracy,binary,0.6712705214787494,5,0.07570173030855316,Preprocessor1_Model51
7,10,roc_auc,binary,0.9031443812954546,5,0.02022428680623449,Preprocessor1_Model51
7,10,sens,binary,0.9739670114621191,5,0.02046754050702763,Preprocessor1_Model51
7,10,spec,binary,0.3685740314953798,5,0.163598336259941,Preprocessor1_Model51
23,8,accuracy,binary,0.9003137254901961,5,0.020651577325686475,Preprocessor1_Model52
23,8,bal_accuracy,binary,0.6995210056335698,5,0.06757429504108398,Preprocessor1_Model52
23,8,roc_auc,binary,0.8912008073384599,5,0.016712977780138086,Preprocessor1_Model52
23,8,sens,binary,0.963052249434681,5,0.02531695684037601,Preprocessor1_Model52
23,8,spec,binary,0.43598976183245847,5,0.14854921424715917,Preprocessor1_Model52
23,11,accuracy,binary,0.9056918767507003,5,0.01896453787395904,Preprocessor1_Model53
23,11,bal_accuracy,binary,0.702428071560842,5,0.0687475627713278,Preprocessor1_Model53
23,11,roc_auc,binary,0.8908492309755851,5,0.017046871927791342,Preprocessor1_Model53
23,11,sens,binary,0.9688663812892255,5,0.022055984380633865,Preprocessor1_Model53
23,11,spec,binary,0.43598976183245847,5,0.14854921424715917,Preprocessor1_Model53
32,25,accuracy,binary,0.9033389355742297,5,0.01921571567400222,Preprocessor1_Model54
32,25,bal_accuracy,binary,0.695821150854824,5,0.0683729266371155,Preprocessor1_Model54
32,25,roc_auc,binary,0.8811833199407387,5,0.02092952302259182,Preprocessor1_Model54
32,25,sens,binary,0.9691356859446053,5,0.024024963194966532,Preprocessor1_Model54
32,25,spec,binary,0.4225066157650427,5,0.14986991921175194,Preprocessor1_Model54
18,24,accuracy,binary,0.9032829131652661,5,0.019148469217994794,Preprocessor1_Model55
18,24,bal_accuracy,binary,0.6912489730717923,5,0.0694394440451089,Preprocessor1_Model55
18,24,roc_auc,binary,0.8939911548780214,5,0.019101073691433816,Preprocessor1_Model55
18,24,sens,binary,0.9712272854347218,5,0.023141416551428953,Preprocessor1_Model55
18,24,spec,binary,0.411270660708863,5,0.15187880613512697,Preprocessor1_Model55
35,27,accuracy,binary,0.9002240896358543,5,0.02019689816011064,Preprocessor1_Model56
35,27,bal_accuracy,binary,0.6886881883886309,5,0.06912168880127992,Preprocessor1_Model56
35,27,roc_auc,binary,0.8735199182833647,5,0.02464344299826207,Preprocessor1_Model56
35,27,sens,binary,0.9683529070796347,5,0.024794173771761987,Preprocessor1_Model56
35,27,spec,binary,0.409023469697627,5,0.1523768577290405,Preprocessor1_Model56
5,34,accuracy,binary,0.9065658263305322,5,0.025928345036589147,Preprocessor1_Model57
5,34,bal_accuracy,binary,0.6280287419781392,5,0.05945480738424273,Preprocessor1_Model57
5,34,roc_auc,binary,0.9021559026579198,5,0.02301045652263656,Preprocessor1_Model57
5,34,sens,binary,0.9866808842425999,5,0.007074264812067007,Preprocessor1_Model57
5,34,spec,binary,0.2693765997136784,5,0.11788952921909779,Preprocessor1_Model57
14,30,accuracy,binary,0.9024425770308123,5,0.020641210071918208,Preprocessor1_Model58
14,30,bal_accuracy,binary,0.6371118988177411,5,0.05527680439866945,Preprocessor1_Model58
14,30,roc_auc,binary,0.8969192888688854,5,0.018613945654174385,Preprocessor1_Model58
14,30,sens,binary,0.9778809057869723,5,0.016684822073640117,Preprocessor1_Model58
14,30,spec,binary,0.2963428918485098,5,0.11115998461219215,Preprocessor1_Model58
6,11,accuracy,binary,0.905109243697479,5,0.02237953529868687,Preprocessor1_Model59
6,11,bal_accuracy,binary,0.6398615195218023,5,0.05921387296381108,Preprocessor1_Model59
6,11,roc_auc,binary,0.9078870181822625,5,0.019742775327284696,Preprocessor1_Model59
6,11,sens,binary,0.9825775789767962,5,0.012254794861238396,Preprocessor1_Model59
6,11,spec,binary,0.29714546006680836,5,0.12007318523750507,Preprocessor1_Model59
26,14,accuracy,binary,0.9021624649859944,5,0.019724992973032294,Preprocessor1_Model60
26,14,bal_accuracy,binary,0.6923157120102802,5,0.06949389733821348,Preprocessor1_Model60
26,14,roc_auc,binary,0.8893107956708762,5,0.017590514276892007,Preprocessor1_Model60
26,14,sens,binary,0.9688663812892255,5,0.022055984380633865,Preprocessor1_Model60
26,14,spec,binary,0.41576504273133486,5,0.1509781471637132,Preprocessor1_Model60
23,12,accuracy,binary,0.9010532212885154,5,0.02015491634731013,Preprocessor1_Model61
23,12,bal_accuracy,binary,0.6945123302296782,5,0.06834770152490231,Preprocessor1_Model61
23,12,roc_auc,binary,0.8873111567551129,5,0.016341647426975213,Preprocessor1_Model61
23,12,sens,binary,0.9665180446943136,5,0.02435758901783095,Preprocessor1_Model61
23,12,spec,binary,0.4225066157650427,5,0.14986991921175194,Preprocessor1_Model61
26,26,accuracy,binary,0.9048403361344538,5,0.018617432490454278,Preprocessor1_Model62
26,26,bal_accuracy,binary,0.694815454304889,5,0.0690265966294584,Preprocessor1_Model62
26,26,roc_auc,binary,0.8875222221842703,5,0.02137092742154828,Preprocessor1_Model62
26,26,sens,binary,0.9716186748672072,5,0.02275847526764839,Preprocessor1_Model62
26,26,spec,binary,0.4180122337425708,5,0.15057611067924737,Preprocessor1_Model62
33,27,accuracy,binary,0.9009859943977591,5,0.019947137256399846,Preprocessor1_Model63
33,27,bal_accuracy,binary,0.6891469039849611,5,0.06902999183151146,Preprocessor1_Model63
33,27,roc_auc,binary,0.8801643244525822,5,0.02120656154061092,Preprocessor1_Model63
33,27,sens,binary,0.9692703382722953,5,0.025060038869393543,Preprocessor1_Model63
33,27,spec,binary,0.409023469697627,5,0.1523768577290405,Preprocessor1_Model63
26,8,accuracy,binary,0.9007058823529411,5,0.02059789098832294,Preprocessor1_Model64
26,8,bal_accuracy,binary,0.7024167327680009,5,0.06761463982527458,Preprocessor1_Model64
26,8,roc_auc,binary,0.8886674324918988,5,0.0164469071269071,Preprocessor1_Model64
26,8,sens,binary,0.9621021306698354,5,0.025076129727209896,Preprocessor1_Model64
26,8,spec,binary,0.44273133486616634,5,0.14834471227115079,Preprocessor1_Model64
24,26,accuracy,binary,0.9033389355742297,5,0.019234587399964184,Preprocessor1_Model65
24,26,bal_accuracy,binary,0.695888477018669,5,0.06802575111866355,Preprocessor1_Model65
24,26,roc_auc,binary,0.8862605968268346,5,0.020731629828378232,Preprocessor1_Model65
24,26,sens,binary,0.9692703382722953,5,0.025060038869393543,Preprocessor1_Model65
24,26,spec,binary,0.4225066157650427,5,0.14986991921175194,Preprocessor1_Model65
36,24,accuracy,binary,0.9036526610644258,5,0.019510156019030687,Preprocessor1_Model66
36,24,bal_accuracy,binary,0.6903484515890473,5,0.07077964433655946,Preprocessor1_Model66
36,24,roc_auc,binary,0.8772179584613866,5,0.02647920310527104,Preprocessor1_Model66
36,24,sens,binary,0.9716734334804678,5,0.019857652673747714,Preprocessor1_Model66
36,24,spec,binary,0.409023469697627,5,0.1523768577290405,Preprocessor1_Model66
31,27,accuracy,binary,0.9009859943977591,5,0.019947137256399846,Preprocessor1_Model67
31,27,bal_accuracy,binary,0.6891469039849611,5,0.06902999183151146,Preprocessor1_Model67
31,27,roc_auc,binary,0.8788580984947303,5,0.02264262873666746,Preprocessor1_Model67
31,27,sens,binary,0.9692703382722953,5,0.025060038869393543,Preprocessor1_Model67
31,27,spec,binary,0.409023469697627,5,0.1523768577290405,Preprocessor1_Model67
13,33,accuracy,binary,0.8986330532212885,5,0.02105731449186264,Preprocessor1_Model68
13,33,bal_accuracy,binary,0.6351549516553144,5,0.055008801761993284,Preprocessor1_Model68
13,33,roc_auc,binary,0.8968770821909032,5,0.019698796943039578,Preprocessor1_Model68
13,33,sens,binary,0.9739670114621191,5,0.02046754050702763,Preprocessor1_Model68
13,33,spec,binary,0.2963428918485098,5,0.11115998461219215,Preprocessor1_Model68
32,21,accuracy,binary,0.9033389355742296,5,0.019403607002095234,Preprocessor1_Model69
32,21,bal_accuracy,binary,0.695686498527134,5,0.06908173350231049,Preprocessor1_Model69
32,21,roc_auc,binary,0.8804813055066506,5,0.024682427794398127,Preprocessor1_Model69
32,21,sens,binary,0.9688663812892255,5,0.022055984380633865,Preprocessor1_Model69
32,21,spec,binary,0.4225066157650427,5,0.14986991921175194,Preprocessor1_Model69
31,25,accuracy,binary,0.9002240896358543,5,0.02019689816011064,Preprocessor1_Model70
31,25,bal_accuracy,binary,0.6886881883886309,5,0.06912168880127992,Preprocessor1_Model70
31,25,roc_auc,binary,0.8827442353897185,5,0.02051408967286898,Preprocessor1_Model70
31,25,sens,binary,0.9683529070796347,5,0.024794173771761987,Preprocessor1_Model70
31,25,spec,binary,0.409023469697627,5,0.1523768577290405,Preprocessor1_Model70
15,38,accuracy,binary,0.8986330532212885,5,0.02105731449186264,Preprocessor1_Model71
15,38,bal_accuracy,binary,0.6351549516553144,5,0.055008801761993284,Preprocessor1_Model71
15,38,roc_auc,binary,0.8894893323193338,5,0.020307372181310287,Preprocessor1_Model71
15,38,sens,binary,0.9739670114621191,5,0.02046754050702763,Preprocessor1_Model71
15,38,spec,binary,0.2963428918485098,5,0.11115998461219215,Preprocessor1_Model71
30,24,accuracy,binary,0.9033389355742297,5,0.019234587399964184,Preprocessor1_Model72
30,24,bal_accuracy,binary,0.695888477018669,5,0.06802575111866355,Preprocessor1_Model72
30,24,roc_auc,binary,0.8803511305185228,5,0.02138180077034809,Preprocessor1_Model72
30,24,sens,binary,0.9692703382722953,5,0.025060038869393543,Preprocessor1_Model72
30,24,spec,binary,0.4225066157650427,5,0.14986991921175194,Preprocessor1_Model72
33,15,accuracy,binary,0.8987002801120448,5,0.02077138680049098,Preprocessor1_Model73
33,15,bal_accuracy,binary,0.6877707571959703,5,0.06931382664155672,Preprocessor1_Model73
33,15,roc_auc,binary,0.8840404001997542,5,0.021230230149995463,Preprocessor1_Model73
33,15,sens,binary,0.9665180446943136,5,0.02435758901783095,Preprocessor1_Model73
33,15,spec,binary,0.409023469697627,5,0.1523768577290405,Preprocessor1_Model73
8,7,accuracy,binary,0.9021288515406163,5,0.019870114695063102,Preprocessor1_Model74
8,7,bal_accuracy,binary,0.6841665833974372,5,0.07181007232664251,Preprocessor1_Model74
8,7,roc_auc,binary,0.9068998662206678,5,0.01826849312673466,Preprocessor1_Model74
8,7,sens,binary,0.9727928431646631,5,0.021611467656472105,Preprocessor1_Model74
8,7,spec,binary,0.39554032363021124,5,0.15601285624577862,Preprocessor1_Model74
4,28,accuracy,binary,0.9111372549019607,5,0.028169905611108072,Preprocessor1_Model75
4,28,bal_accuracy,binary,0.630377078573051,5,0.060174653636869725,Preprocessor1_Model75
4,28,roc_auc,binary,0.8956866053200618,5,0.02642407330970434,Preprocessor1_Model75
4,28,sens,binary,0.9913775574324237,5,0.004545487562758457,Preprocessor1_Model75
4,28,spec,binary,0.2693765997136784,5,0.11788952921909779,Preprocessor1_Model75
24,2,accuracy,binary,0.9018487394957984,5,0.021128188849667055,Preprocessor1_Model76
24,2,bal_accuracy,binary,0.7089457336790242,5,0.06990585662785954,Preprocessor1_Model76
24,2,roc_auc,binary,0.8942056170552206,5,0.013926384990551944,Preprocessor1_Model76
24,2,sens,binary,0.9621021306698354,5,0.025076129727209896,Preprocessor1_Model76
24,2,spec,binary,0.4557893366882131,5,0.15177133407726512,Preprocessor1_Model76
16,27,accuracy,binary,0.9021064425770308,5,0.01964845414250882,Preprocessor1_Model77
16,27,bal_accuracy,binary,0.6869502857655632,5,0.07048218933647965,Preprocessor1_Model77
16,27,roc_auc,binary,0.8961768685754931,5,0.02030827635795411,Preprocessor1_Model77
16,27,sens,binary,0.9716186748672072,5,0.02275847526764839,Preprocessor1_Model77
16,27,spec,binary,0.4022818966639191,5,0.15397616990462323,Preprocessor1_Model77
22,18,accuracy,binary,0.9025770308123249,5,0.019516457710212272,Preprocessor1_Model78
22,18,bal_accuracy,binary,0.6954297614223387,5,0.0681301485253627,Preprocessor1_Model78
22,18,roc_auc,binary,0.8991459565345383,5,0.015271834566058618,Preprocessor1_Model78
22,18,sens,binary,0.9683529070796347,5,0.024794173771761987,Preprocessor1_Model78
22,18,spec,binary,0.4225066157650427,5,0.14986991921175194,Preprocessor1_Model78
9,30,accuracy,binary,0.9016806722689076,5,0.02139354894166991,Preprocessor1_Model79
9,30,bal_accuracy,binary,0.6347973816426602,5,0.05584709071529089,Preprocessor1_Model79
9,30,roc_auc,binary,0.8965319176570916,5,0.02193347944610401,Preprocessor1_Model79
9,30,sens,binary,0.9777462534592825,5,0.015652691083549535,Preprocessor1_Model79
9,30,spec,binary,0.29184850982603794,5,0.11219711521186355,Preprocessor1_Model79
11,27,accuracy,binary,0.8990140056022409,5,0.02098497741534676,Preprocessor1_Model80
11,27,bal_accuracy,binary,0.663139296078015,5,0.06462964208440745,Preprocessor1_Model80
11,27,roc_auc,binary,0.8958735482988682,5,0.02163962985583141,Preprocessor1_Model80
11,27,sens,binary,0.9727928431646631,5,0.021611467656472105,Preprocessor1_Model80
11,27,spec,binary,0.353485748991367,5,0.13928318812231133,Preprocessor1_Model80
35,28,accuracy,binary,0.9032717086834734,5,0.019189695859565828,Preprocessor1_Model81
35,28,bal_accuracy,binary,0.6903210722824171,5,0.06977941909263141,Preprocessor1_Model81
35,28,roc_auc,binary,0.8692828761466598,5,0.026522491621482513,Preprocessor1_Model81
35,28,sens,binary,0.9716186748672072,5,0.02275847526764839,Preprocessor1_Model81
35,28,spec,binary,0.409023469697627,5,0.1523768577290405,Preprocessor1_Model81
11,22,accuracy,binary,0.9009187675070028,5,0.0207247903773775,Preprocessor1_Model82
11,22,bal_accuracy,binary,0.6780120945124574,5,0.07366225932583598,Preprocessor1_Model82
11,22,roc_auc,binary,0.9006772502881379,5,0.019539756698904565,Preprocessor1_Model82
11,22,sens,binary,0.9739670114621191,5,0.02046754050702763,Preprocessor1_Model82
11,22,spec,binary,0.38205717756279556,5,0.15928094124099745,Preprocessor1_Model82
13,27,accuracy,binary,0.8986330532212885,5,0.02105731449186264,Preprocessor1_Model83
13,27,bal_accuracy,binary,0.6768379262150014,5,0.07287954314228023,Preprocessor1_Model83
13,27,roc_auc,binary,0.8957243548067367,5,0.019552992057414956,Preprocessor1_Model83
13,27,sens,binary,0.9716186748672072,5,0.02275847526764839,Preprocessor1_Model83
13,27,spec,binary,0.38205717756279556,5,0.15928094124099745,Preprocessor1_Model83
21,21,accuracy,binary,0.9048627450980392,5,0.018693045141992107,Preprocessor1_Model84
21,21,bal_accuracy,binary,0.6966039297197947,5,0.06886258874544533,Preprocessor1_Model84
21,21,roc_auc,binary,0.8936749366792991,5,0.01768410272292577,Preprocessor1_Model84
21,21,sens,binary,0.9707012436745466,5,0.022489351258284388,Preprocessor1_Model84
21,21,spec,binary,0.4225066157650427,5,0.14986991921175194,Preprocessor1_Model84
18,7,accuracy,binary,0.903406162464986,5,0.019800592432510422,Preprocessor1_Model85
18,7,bal_accuracy,binary,0.701253903263386,5,0.06803901570214052,Preprocessor1_Model85
18,7,roc_auc,binary,0.8907043197035385,5,0.016418738325605867,Preprocessor1_Model85
18,7,sens,binary,0.9665180446943136,5,0.02435758901783095,Preprocessor1_Model85
18,7,spec,binary,0.43598976183245847,5,0.14854921424715917,Preprocessor1_Model85
36,31,accuracy,binary,0.9006050420168067,5,0.020068790827830515,Preprocessor1_Model86
36,31,bal_accuracy,binary,0.6880233084793431,5,0.0692597757223745,Preprocessor1_Model86
36,31,roc_auc,binary,0.8731113627223213,5,0.024118369591774193,Preprocessor1_Model86
36,31,sens,binary,0.9692703382722953,5,0.025060038869393543,Preprocessor1_Model86
36,31,spec,binary,0.40677627868639105,5,0.15290631616974812,Preprocessor1_Model86
31,32,accuracy,binary,0.9036526610644258,5,0.01908715948680354,Preprocessor1_Model87
31,32,bal_accuracy,binary,0.6905167669986597,5,0.06990545994388857,Preprocessor1_Model87
31,32,roc_auc,binary,0.8765491488179351,5,0.023132244308433074,Preprocessor1_Model87
31,32,sens,binary,0.9720100642996925,5,0.02237582633971984,Preprocessor1_Model87
31,32,spec,binary,0.409023469697627,5,0.1523768577290405,Preprocessor1_Model87
16,30,accuracy,binary,0.8986330532212885,5,0.02105731449186264,Preprocessor1_Model88
16,30,bal_accuracy,binary,0.6768379262150014,5,0.07287954314228023,Preprocessor1_Model88
16,30,roc_auc,binary,0.8899752914246627,5,0.02165812719317112,Preprocessor1_Model88
16,30,sens,binary,0.9716186748672072,5,0.02275847526764839,Preprocessor1_Model88
16,30,spec,binary,0.38205717756279556,5,0.15928094124099745,Preprocessor1_Model88
25,18,accuracy,binary,0.9021960784313725,5,0.019749789527497116,Preprocessor1_Model89
25,18,bal_accuracy,binary,0.6950994143784062,5,0.06871318967936944,Preprocessor1_Model89
25,18,roc_auc,binary,0.8895757297066142,5,0.020240307534761717,Preprocessor1_Model89
25,18,sens,binary,0.9676922129917696,5,0.023205616210077502,Preprocessor1_Model89
25,18,spec,binary,0.4225066157650427,5,0.14986991921175194,Preprocessor1_Model89
24,38,accuracy,binary,0.8986330532212885,5,0.02105731449186264,Preprocessor1_Model90
24,38,bal_accuracy,binary,0.6490492765085434,5,0.05832395383386858,Preprocessor1_Model90
24,38,roc_auc,binary,0.8801217443901463,5,0.021855598929618022,Preprocessor1_Model90
24,38,sens,binary,0.9731842325971485,5,0.021229791715206323,Preprocessor1_Model90
24,38,spec,binary,0.3249143204199384,5,0.12272672001498587,Preprocessor1_Model90
8,21,accuracy,binary,0.9028235294117647,5,0.021966325831447343,Preprocessor1_Model91
8,21,bal_accuracy,binary,0.6734231633574187,5,0.07717158807593569,Preprocessor1_Model91
8,21,roc_auc,binary,0.9038949094752357,5,0.020242673798901767,Preprocessor1_Model91
8,21,sens,binary,0.9782722952194577,5,0.016309955166024313,Preprocessor1_Model91
8,21,spec,binary,0.3685740314953798,5,0.163598336259941,Preprocessor1_Model91
30,36,accuracy,binary,0.8963473389355743,5,0.021627598817807167,Preprocessor1_Model92
30,36,bal_accuracy,binary,0.6756637579175454,5,0.07210745114514704,Preprocessor1_Model92
30,36,roc_auc,binary,0.8778723580195181,5,0.022278050701465334,Preprocessor1_Model92
30,36,sens,binary,0.9692703382722953,5,0.025060038869393543,Preprocessor1_Model92
30,36,spec,binary,0.38205717756279556,5,0.15928094124099745,Preprocessor1_Model92
24,34,accuracy,binary,0.9005378151260505,5,0.02036615758789703,Preprocessor1_Model93
24,34,bal_accuracy,binary,0.6685615788898622,5,0.06341461508404271,Preprocessor1_Model93
24,34,roc_auc,binary,0.8878313202272501,5,0.02242636370654139,Preprocessor1_Model93
24,34,sens,binary,0.9724014537321778,5,0.021993485027120153,Preprocessor1_Model93
24,34,spec,binary,0.3647217040475468,5,0.1366616199209806,Preprocessor1_Model93
27,3,accuracy,binary,0.9026442577030812,5,0.021166022350967338,Preprocessor1_Model94
27,3,bal_accuracy,binary,0.7111929246902602,5,0.07034770574087568,Preprocessor1_Model94
27,3,roc_auc,binary,0.8909056777172961,5,0.012684281448688476,Preprocessor1_Model94
27,3,sens,binary,0.9621021306698354,5,0.025076129727209896,Preprocessor1_Model94
27,3,spec,binary,0.460283718710685,5,0.15241336927634158,Preprocessor1_Model94
33,5,accuracy,binary,0.90103081232493,5,0.021019392830659876,Preprocessor1_Model95
33,5,bal_accuracy,binary,0.7048427410890377,5,0.0700182917125785,Preprocessor1_Model95
33,5,roc_auc,binary,0.8891962224078966,5,0.017013667798808228,Preprocessor1_Model95
33,5,sens,binary,0.9628849095348061,5,0.024303145057079065,Preprocessor1_Model95
33,5,spec,binary,0.4468005726432693,5,0.15192352289257344,Preprocessor1_Model95
8,11,accuracy,binary,0.900593837535014,5,0.020572063238166807,Preprocessor1_Model96
8,11,bal_accuracy,binary,0.6796722013749653,5,0.07304172717633879,Preprocessor1_Model96
8,11,roc_auc,binary,0.9028805756034656,5,0.021617685555880225,Preprocessor1_Model96
8,11,sens,binary,0.9727928431646631,5,0.021611467656472105,Preprocessor1_Model96
8,11,spec,binary,0.38655155958526743,5,0.1586692167873454,Preprocessor1_Model96
