penalty,mixture,.metric,.estimator,mean,n,std_err,.config
7.871731715992485e-4,0.010467111831530929,accuracy,binary,0.8825658263305322,5,0.017397410707696768,Preprocessor1_Model001
7.871731715992485e-4,0.010467111831530929,bal_accuracy,binary,0.5923749718531961,5,0.029526474315153862,Preprocessor1_Model001
7.871731715992485e-4,0.010467111831530929,roc_auc,binary,0.8035447702746135,5,0.03909771483448409,Preprocessor1_Model001
7.871731715992485e-4,0.010467111831530929,sens,binary,0.962260680767691,5,0.016241763402194152,Preprocessor1_Model001
7.871731715992485e-4,0.010467111831530929,spec,binary,0.22248926293870114,5,0.074172290418483,Preprocessor1_Model001
0.05533430354761607,0.060720571549609303,accuracy,binary,0.9080896358543418,5,0.021971583122111144,Preprocessor1_Model002
0.05533430354761607,0.060720571549609303,bal_accuracy,binary,0.6062176112355941,5,0.03433639108634608,Preprocessor1_Model002
0.05533430354761607,0.060720571549609303,roc_auc,binary,0.8255789798058472,5,0.0417524748631756,Preprocessor1_Model002
0.05533430354761607,0.060720571549609303,sens,binary,0.9899459595324871,5,0.007961223396514729,Preprocessor1_Model002
0.05533430354761607,0.060720571549609303,spec,binary,0.22248926293870114,5,0.074172290418483,Preprocessor1_Model002
0.001826994129040432,0.07669116533361375,accuracy,binary,0.8867563025210083,5,0.018416361285129298,Preprocessor1_Model003
0.001826994129040432,0.07669116533361375,bal_accuracy,binary,0.5946518371789624,5,0.029781627139820622,Preprocessor1_Model003
0.001826994129040432,0.07669116533361375,roc_auc,binary,0.808351650215565,5,0.04123909992332352,Preprocessor1_Model003
0.001826994129040432,0.07669116533361375,sens,binary,0.9668144114192238,5,0.015737953696639394,Preprocessor1_Model003
0.001826994129040432,0.07669116533361375,spec,binary,0.22248926293870114,5,0.074172290418483,Preprocessor1_Model003
0.014420959033735189,0.09104399988427758,accuracy,binary,0.9027563025210084,5,0.02110283464113701,Preprocessor1_Model004
0.014420959033735189,0.09104399988427758,bal_accuracy,binary,0.613505917154037,5,0.03841312115425338,Preprocessor1_Model004
0.014420959033735189,0.09104399988427758,roc_auc,binary,0.8220846598718322,5,0.04545732485211021,Preprocessor1_Model004
0.014420959033735189,0.09104399988427758,sens,binary,0.9829009497477513,5,0.014911683645054168,Preprocessor1_Model004
0.014420959033735189,0.09104399988427758,spec,binary,0.24411088456032276,5,0.08408295172042689,Preprocessor1_Model004
0.008445704580456804,0.11109646130353212,accuracy,binary,0.8981848739495798,5,0.02168757336297828,Preprocessor1_Model005
0.008445704580456804,0.11109646130353212,bal_accuracy,binary,0.6059415860946702,5,0.034680836236332876,Preprocessor1_Model005
0.008445704580456804,0.11109646130353212,roc_auc,binary,0.8188418965324709,5,0.04419506674215137,Preprocessor1_Model005
0.008445704580456804,0.11109646130353212,sens,binary,0.9785830984398284,5,0.016299754683712857,Preprocessor1_Model005
0.008445704580456804,0.11109646130353212,spec,binary,0.23330007374951195,5,0.07854210391620897,Preprocessor1_Model005
1.0571050829071663e-4,0.14190690778195858,accuracy,binary,0.8821848739495798,5,0.012677488665350603,Preprocessor1_Model006
1.0571050829071663e-4,0.14190690778195858,bal_accuracy,binary,0.6063835288550006,5,0.03425800285742774,Preprocessor1_Model006
1.0571050829071663e-4,0.14190690778195858,roc_auc,binary,0.8028662986928734,5,0.037188849900673955,Preprocessor1_Model006
1.0571050829071663e-4,0.14190690778195858,sens,binary,0.9569950738481298,5,0.015873179632215496,Preprocessor1_Model006
1.0571050829071663e-4,0.14190690778195858,spec,binary,0.2557719838618715,5,0.08110137735525476,Preprocessor1_Model006
1.9896413255870795,0.14229429559782147,accuracy,binary,0.8984313725490196,5,0.029777098774411176,Preprocessor1_Model007
1.9896413255870795,0.14229429559782147,bal_accuracy,binary,0.5,5,0,Preprocessor1_Model007
1.9896413255870795,0.14229429559782147,roc_auc,binary,0.5,5,0,Preprocessor1_Model007
1.9896413255870795,0.14229429559782147,sens,binary,1,5,0,Preprocessor1_Model007
1.9896413255870795,0.14229429559782147,spec,binary,0,5,0,Preprocessor1_Model007
0.0015714593348526208,0.14709469093941152,accuracy,binary,0.8852324929971989,5,0.017983660997259742,Preprocessor1_Model008
0.0015714593348526208,0.14709469093941152,bal_accuracy,binary,0.5938321650478149,5,0.029481979573234795,Preprocessor1_Model008
0.0015714593348526208,0.14709469093941152,roc_auc,binary,0.8080888016004822,5,0.04079553905499863,Preprocessor1_Model008
0.0015714593348526208,0.14709469093941152,sens,binary,0.9651750671569287,5,0.016128290864018804,Preprocessor1_Model008
0.0015714593348526208,0.14709469093941152,spec,binary,0.22248926293870114,5,0.074172290418483,Preprocessor1_Model008
0.0018511997842303226,0.1523466168437153,accuracy,binary,0.8875182072829132,5,0.018675626084366563,Preprocessor1_Model009
0.0018511997842303226,0.1523466168437153,bal_accuracy,binary,0.5950616732445362,5,0.0299387426199994,Preprocessor1_Model009
0.0018511997842303226,0.1523466168437153,roc_auc,binary,0.8093989143659345,5,0.041093712160658866,Preprocessor1_Model009
0.0018511997842303226,0.1523466168437153,sens,binary,0.9676340835503713,5,0.01560382914373559,Preprocessor1_Model009
0.0018511997842303226,0.1523466168437153,spec,binary,0.22248926293870114,5,0.074172290418483,Preprocessor1_Model009
0.0064337202489117675,0.1542023008223623,accuracy,binary,0.8958991596638656,5,0.02208281137587604,Preprocessor1_Model010
0.0064337202489117675,0.1542023008223623,bal_accuracy,binary,0.5996187494966042,5,0.03174372227008857,Preprocessor1_Model010
0.0064337202489117675,0.1542023008223623,roc_auc,binary,0.8179772974819426,5,0.043845304755966014,Preprocessor1_Model010
0.0064337202489117675,0.1542023008223623,sens,binary,0.9767482360545072,5,0.0164451266037239,Preprocessor1_Model010
0.0064337202489117675,0.1542023008223623,spec,binary,0.22248926293870114,5,0.074172290418483,Preprocessor1_Model010
0.025383290547842805,0.1838284907862544,accuracy,binary,0.9065658263305322,5,0.021380638064523887,Preprocessor1_Model011
0.025383290547842805,0.1838284907862544,bal_accuracy,binary,0.6054348323706235,5,0.03384296131658858,Preprocessor1_Model011
0.025383290547842805,0.1838284907862544,roc_auc,binary,0.8260065538819125,5,0.0438728363652433,Preprocessor1_Model011
0.025383290547842805,0.1838284907862544,sens,binary,0.9883804018025458,5,0.009493732302962427,Preprocessor1_Model011
0.025383290547842805,0.1838284907862544,spec,binary,0.22248926293870114,5,0.074172290418483,Preprocessor1_Model011
3.8187229958027926e-4,0.18384952400811017,accuracy,binary,0.881422969187675,5,0.015331559631280396,Preprocessor1_Model012
3.8187229958027926e-4,0.18384952400811017,bal_accuracy,binary,0.6004102392212823,5,0.03242143607720081,Preprocessor1_Model012
3.8187229958027926e-4,0.18384952400811017,roc_auc,binary,0.8020322597721522,5,0.039119096140449575,Preprocessor1_Model012
3.8187229958027926e-4,0.18384952400811017,sens,binary,0.9585316406481089,5,0.01575473164048338,Preprocessor1_Model012
3.8187229958027926e-4,0.18384952400811017,spec,binary,0.24228883779445576,5,0.07881049294056598,Preprocessor1_Model012
0.18756640307902234,0.2168927628081292,accuracy,binary,0.8927170868347339,5,0.026557919165564027,Preprocessor1_Model013
0.18756640307902234,0.2168927628081292,bal_accuracy,binary,0.49706457925636005,5,0.002935420743639927,Preprocessor1_Model013
0.18756640307902234,0.2168927628081292,roc_auc,binary,0.776007709241334,5,0.04698305799103467,Preprocessor1_Model013
0.18756640307902234,0.2168927628081292,sens,binary,0.9941291585127201,5,0.005870841487279854,Preprocessor1_Model013
0.18756640307902234,0.2168927628081292,spec,binary,0,5,0,Preprocessor1_Model013
4.1806078451592303e-4,0.2179906687233597,accuracy,binary,0.8821848739495798,5,0.015648995317942935,Preprocessor1_Model014
4.1806078451592303e-4,0.2179906687233597,bal_accuracy,binary,0.6008192388867223,5,0.03233990345754035,Preprocessor1_Model014
4.1806078451592303e-4,0.2179906687233597,roc_auc,binary,0.8022186932871233,5,0.03912833454099117,Preprocessor1_Model014
4.1806078451592303e-4,0.2179906687233597,sens,binary,0.9593496399789888,5,0.015768653178222524,Preprocessor1_Model014
4.1806078451592303e-4,0.2179906687233597,spec,binary,0.24228883779445576,5,0.07881049294056598,Preprocessor1_Model014
9.117765877586592,0.21976763126440346,accuracy,binary,0.8984313725490196,5,0.029777098774411176,Preprocessor1_Model015
9.117765877586592,0.21976763126440346,bal_accuracy,binary,0.5,5,0,Preprocessor1_Model015
9.117765877586592,0.21976763126440346,roc_auc,binary,0.5,5,0,Preprocessor1_Model015
9.117765877586592,0.21976763126440346,sens,binary,1,5,0,Preprocessor1_Model015
9.117765877586592,0.21976763126440346,spec,binary,0,5,0,Preprocessor1_Model015
0.4861010583564807,0.22110293782316148,accuracy,binary,0.8984313725490196,5,0.029777098774411176,Preprocessor1_Model016
0.4861010583564807,0.22110293782316148,bal_accuracy,binary,0.5,5,0,Preprocessor1_Model016
0.4861010583564807,0.22110293782316148,roc_auc,binary,0.5251607492311994,5,0.02516074923119933,Preprocessor1_Model016
0.4861010583564807,0.22110293782316148,sens,binary,1,5,0,Preprocessor1_Model016
0.4861010583564807,0.22110293782316148,spec,binary,0,5,0,Preprocessor1_Model016
9.367904271789203e-6,0.23116178205236793,accuracy,binary,0.8791148459383753,5,0.014130406399005624,Preprocessor1_Model017
9.367904271789203e-6,0.23116178205236793,bal_accuracy,binary,0.606345237863871,5,0.034540787033262514,Preprocessor1_Model017
9.367904271789203e-6,0.23116178205236793,roc_auc,binary,0.8009772050646824,5,0.03819325004874361,Preprocessor1_Model017
9.367904271789203e-6,0.23116178205236793,sens,binary,0.9524241098433984,5,0.015385334298897381,Preprocessor1_Model017
9.367904271789203e-6,0.23116178205236793,spec,binary,0.26026636588434343,5,0.08234284724109261,Preprocessor1_Model017
4.277979471001866e-5,0.2390999556519091,accuracy,binary,0.8794957983193277,5,0.013921720800164763,Preprocessor1_Model018
4.277979471001866e-5,0.2390999556519091,bal_accuracy,binary,0.6065745956620361,5,0.03461957051865047,Preprocessor1_Model018
4.277979471001866e-5,0.2390999556519091,roc_auc,binary,0.8012628446796778,5,0.038052873775614234,Preprocessor1_Model018
4.277979471001866e-5,0.2390999556519091,sens,binary,0.9528828254397287,5,0.015353556037478828,Preprocessor1_Model018
4.277979471001866e-5,0.2390999556519091,spec,binary,0.26026636588434343,5,0.08234284724109261,Preprocessor1_Model018
7.274589351628166e-5,0.2457236780319363,accuracy,binary,0.8825546218487395,5,0.012592282368566377,Preprocessor1_Model019
7.274589351628166e-5,0.2457236780319363,bal_accuracy,binary,0.6083931901750252,5,0.03511172855742822,Preprocessor1_Model019
7.274589351628166e-5,0.2457236780319363,roc_auc,binary,0.8022595388281035,5,0.03746725820631381,Preprocessor1_Model019
7.274589351628166e-5,0.2457236780319363,sens,binary,0.9565200144657069,5,0.015555338833467623,Preprocessor1_Model019
7.274589351628166e-5,0.2457236780319363,spec,binary,0.26026636588434343,5,0.08234284724109261,Preprocessor1_Model019
7.1333711308360125e-6,0.24644899414852262,accuracy,binary,0.8791148459383753,5,0.014130406399005624,Preprocessor1_Model020
7.1333711308360125e-6,0.24644899414852262,bal_accuracy,binary,0.606345237863871,5,0.034540787033262514,Preprocessor1_Model020
7.1333711308360125e-6,0.24644899414852262,roc_auc,binary,0.8009726011501319,5,0.038246031260773444,Preprocessor1_Model020
7.1333711308360125e-6,0.24644899414852262,sens,binary,0.9524241098433984,5,0.015385334298897381,Preprocessor1_Model020
7.1333711308360125e-6,0.24644899414852262,spec,binary,0.26026636588434343,5,0.08234284724109261,Preprocessor1_Model020
0.3291325527731686,0.26501780608668923,accuracy,binary,0.8984313725490196,5,0.029777098774411176,Preprocessor1_Model021
0.3291325527731686,0.26501780608668923,bal_accuracy,binary,0.5,5,0,Preprocessor1_Model021
0.3291325527731686,0.26501780608668923,roc_auc,binary,0.599913606710333,5,0.05573869852438194,Preprocessor1_Model021
0.3291325527731686,0.26501780608668923,sens,binary,1,5,0,Preprocessor1_Model021
0.3291325527731686,0.26501780608668923,spec,binary,0,5,0,Preprocessor1_Model021
7.846913403797178,0.26503273146227,accuracy,binary,0.8984313725490196,5,0.029777098774411176,Preprocessor1_Model022
7.846913403797178,0.26503273146227,bal_accuracy,binary,0.5,5,0,Preprocessor1_Model022
7.846913403797178,0.26503273146227,roc_auc,binary,0.5,5,0,Preprocessor1_Model022
7.846913403797178,0.26503273146227,sens,binary,1,5,0,Preprocessor1_Model022
7.846913403797178,0.26503273146227,spec,binary,0,5,0,Preprocessor1_Model022
0.0011990072612647958,0.2656866868492216,accuracy,binary,0.8848515406162465,5,0.018235561749618396,Preprocessor1_Model023
0.0011990072612647958,0.2656866868492216,bal_accuracy,binary,0.5936028072496498,5,0.02948252405011751,Preprocessor1_Model023
0.0011990072612647958,0.2656866868492216,roc_auc,binary,0.8068972566629197,5,0.04050087066985679,Preprocessor1_Model023
0.0011990072612647958,0.2656866868492216,sens,binary,0.9647163515605984,5,0.016148114942842063,Preprocessor1_Model023
0.0011990072612647958,0.2656866868492216,spec,binary,0.22248926293870114,5,0.074172290418483,Preprocessor1_Model023
8.219962588773644e-6,0.2741666215006262,accuracy,binary,0.8791148459383753,5,0.014130406399005624,Preprocessor1_Model024
8.219962588773644e-6,0.2741666215006262,bal_accuracy,binary,0.606345237863871,5,0.034540787033262514,Preprocessor1_Model024
8.219962588773644e-6,0.2741666215006262,roc_auc,binary,0.8008695716464913,5,0.03818670234057921,Preprocessor1_Model024
8.219962588773644e-6,0.2741666215006262,sens,binary,0.9524241098433984,5,0.015385334298897381,Preprocessor1_Model024
8.219962588773644e-6,0.2741666215006262,spec,binary,0.26026636588434343,5,0.08234284724109261,Preprocessor1_Model024
0.0014905244119286414,0.30122889997437596,accuracy,binary,0.8852324929971989,5,0.017983660997259742,Preprocessor1_Model025
0.0014905244119286414,0.30122889997437596,bal_accuracy,binary,0.5938321650478149,5,0.029481979573234795,Preprocessor1_Model025
0.0014905244119286414,0.30122889997437596,roc_auc,binary,0.8091704509188393,5,0.04077065939390883,Preprocessor1_Model025
0.0014905244119286414,0.30122889997437596,sens,binary,0.9651750671569287,5,0.016128290864018804,Preprocessor1_Model025
0.0014905244119286414,0.30122889997437596,spec,binary,0.22248926293870114,5,0.074172290418483,Preprocessor1_Model025
0.030447223582003132,0.30772001086734235,accuracy,binary,0.9035182072829131,5,0.020489658248588238,Preprocessor1_Model026
0.030447223582003132,0.30772001086734235,bal_accuracy,binary,0.6038692746406822,5,0.032889801502410894,Preprocessor1_Model026
0.030447223582003132,0.30772001086734235,roc_auc,binary,0.8321627268717715,5,0.03802444777591831,Preprocessor1_Model026
0.030447223582003132,0.30772001086734235,sens,binary,0.9852492863426633,5,0.012583184383024167,Preprocessor1_Model026
0.030447223582003132,0.30772001086734235,spec,binary,0.22248926293870114,5,0.074172290418483,Preprocessor1_Model026
9.990797504122854e-6,0.3117022020742297,accuracy,binary,0.8791148459383753,5,0.014130406399005624,Preprocessor1_Model027
9.990797504122854e-6,0.3117022020742297,bal_accuracy,binary,0.606345237863871,5,0.034540787033262514,Preprocessor1_Model027
9.990797504122854e-6,0.3117022020742297,roc_auc,binary,0.8010666393556608,5,0.0381015505684015,Preprocessor1_Model027
9.990797504122854e-6,0.3117022020742297,sens,binary,0.9524241098433984,5,0.015385334298897381,Preprocessor1_Model027
9.990797504122854e-6,0.3117022020742297,spec,binary,0.26026636588434343,5,0.08234284724109261,Preprocessor1_Model027
0.047466707932068995,0.31244816491380334,accuracy,binary,0.8950028011204482,5,0.02528665868040613,Preprocessor1_Model028
0.047466707932068995,0.31244816491380334,bal_accuracy,binary,0.5454891268497548,5,0.03763259228025713,Preprocessor1_Model028
0.047466707932068995,0.31244816491380334,roc_auc,binary,0.8219669367434292,5,0.035337818091385635,Preprocessor1_Model028
0.047466707932068995,0.31244816491380334,sens,binary,0.9917808219178083,5,0.008219178082191792,Preprocessor1_Model028
0.047466707932068995,0.31244816491380334,spec,binary,0.09919743178170144,5,0.0833719670285553,Preprocessor1_Model028
0.07073328744494876,0.3198206170927733,accuracy,binary,0.8927170868347339,5,0.026557919165564027,Preprocessor1_Model029
0.07073328744494876,0.3198206170927733,bal_accuracy,binary,0.538747553816047,5,0.03874755381604695,Preprocessor1_Model029
0.07073328744494876,0.3198206170927733,roc_auc,binary,0.8260565679912083,5,0.03527251550848733,Preprocessor1_Model029
0.07073328744494876,0.3198206170927733,sens,binary,0.9917808219178083,5,0.008219178082191792,Preprocessor1_Model029
0.07073328744494876,0.3198206170927733,spec,binary,0.08571428571428572,5,0.0857142857142857,Preprocessor1_Model029
0.037300398813075814,0.32148275640793145,accuracy,binary,0.9019943977591036,5,0.020804097887229884,Preprocessor1_Model030
0.037300398813075814,0.32148275640793145,bal_accuracy,binary,0.5807558938696387,5,0.03029052130026415,Preprocessor1_Model030
0.037300398813075814,0.32148275640793145,roc_auc,binary,0.8245870767876107,5,0.0360743370062437,Preprocessor1_Model030
0.037300398813075814,0.32148275640793145,sens,binary,0.9894324853228963,5,0.010567514677103729,Preprocessor1_Model030
0.037300398813075814,0.32148275640793145,spec,binary,0.17207930241638106,5,0.07009730743736683,Preprocessor1_Model030
0.3297129067432588,0.33282354031689465,accuracy,binary,0.8984313725490196,5,0.029777098774411176,Preprocessor1_Model031
0.3297129067432588,0.33282354031689465,bal_accuracy,binary,0.5,5,0,Preprocessor1_Model031
0.3297129067432588,0.33282354031689465,roc_auc,binary,0.5251607492311994,5,0.02516074923119933,Preprocessor1_Model031
0.3297129067432588,0.33282354031689465,sens,binary,1,5,0,Preprocessor1_Model031
0.3297129067432588,0.33282354031689465,spec,binary,0,5,0,Preprocessor1_Model031
4.611950384222407e-6,0.3539045718498528,accuracy,binary,0.8791148459383753,5,0.014130406399005624,Preprocessor1_Model032
4.611950384222407e-6,0.3539045718498528,bal_accuracy,binary,0.606345237863871,5,0.034540787033262514,Preprocessor1_Model032
4.611950384222407e-6,0.3539045718498528,roc_auc,binary,0.8010654390074471,5,0.03813934710599355,Preprocessor1_Model032
4.611950384222407e-6,0.3539045718498528,sens,binary,0.9524241098433984,5,0.015385334298897381,Preprocessor1_Model032
4.611950384222407e-6,0.3539045718498528,spec,binary,0.26026636588434343,5,0.08234284724109261,Preprocessor1_Model032
0.5040577217419878,0.35544538078829646,accuracy,binary,0.8984313725490196,5,0.029777098774411176,Preprocessor1_Model033
0.5040577217419878,0.35544538078829646,bal_accuracy,binary,0.5,5,0,Preprocessor1_Model033
0.5040577217419878,0.35544538078829646,roc_auc,binary,0.5,5,0,Preprocessor1_Model033
0.5040577217419878,0.35544538078829646,sens,binary,1,5,0,Preprocessor1_Model033
0.5040577217419878,0.35544538078829646,spec,binary,0,5,0,Preprocessor1_Model033
0.038899193200206926,0.36948886583559215,accuracy,binary,0.8950700280112045,5,0.020561842111895788,Preprocessor1_Model034
0.038899193200206926,0.36948886583559215,bal_accuracy,binary,0.5566239363222586,5,0.03374338854186879,Preprocessor1_Model034
0.038899193200206926,0.36948886583559215,roc_auc,binary,0.8232088559139711,5,0.03544367909642328,Preprocessor1_Model034
0.038899193200206926,0.36948886583559215,sens,binary,0.9870841487279843,5,0.012915851272015666,Preprocessor1_Model034
0.038899193200206926,0.36948886583559215,spec,binary,0.1261637239165329,5,0.07962771085172797,Preprocessor1_Model034
4.5573854772768994e-4,0.37223806022666395,accuracy,binary,0.8829467787114846,5,0.01614320102132478,Preprocessor1_Model035
4.5573854772768994e-4,0.37223806022666395,bal_accuracy,binary,0.6012274021520284,5,0.032003298558675855,Preprocessor1_Model035
4.5573854772768994e-4,0.37223806022666395,roc_auc,binary,0.8023032408952557,5,0.0390464814839574,Preprocessor1_Model035
4.5573854772768994e-4,0.37223806022666395,sens,binary,0.9601659665096011,5,0.01615273593566531,Preprocessor1_Model035
4.5573854772768994e-4,0.37223806022666395,spec,binary,0.24228883779445576,5,0.07881049294056598,Preprocessor1_Model035
8.330777051307548e-5,0.37471395661123097,accuracy,binary,0.8829467787114845,5,0.012319066596132014,Preprocessor1_Model036
8.330777051307548e-5,0.37471395661123097,bal_accuracy,binary,0.6086307198662366,5,0.035041149668186444,Preprocessor1_Model036
8.330777051307548e-5,0.37471395661123097,roc_auc,binary,0.8025503679532374,5,0.03730600163776682,Preprocessor1_Model036
8.330777051307548e-5,0.37471395661123097,sens,binary,0.9569950738481298,5,0.015873179632215496,Preprocessor1_Model036
8.330777051307548e-5,0.37471395661123097,spec,binary,0.26026636588434343,5,0.08234284724109261,Preprocessor1_Model036
0.3912676297974477,0.3879090298432857,accuracy,binary,0.8984313725490196,5,0.029777098774411176,Preprocessor1_Model037
0.3912676297974477,0.3879090298432857,bal_accuracy,binary,0.5,5,0,Preprocessor1_Model037
0.3912676297974477,0.3879090298432857,roc_auc,binary,0.5,5,0,Preprocessor1_Model037
0.3912676297974477,0.3879090298432857,sens,binary,1,5,0,Preprocessor1_Model037
0.3912676297974477,0.3879090298432857,spec,binary,0,5,0,Preprocessor1_Model037
2.790742249696717e-5,0.3899944352451712,accuracy,binary,0.8791148459383753,5,0.014130406399005624,Preprocessor1_Model038
2.790742249696717e-5,0.3899944352451712,bal_accuracy,binary,0.606345237863871,5,0.034540787033262514,Preprocessor1_Model038
2.790742249696717e-5,0.3899944352451712,roc_auc,binary,0.8008697033281539,5,0.038145843746989094,Preprocessor1_Model038
2.790742249696717e-5,0.3899944352451712,sens,binary,0.9524241098433984,5,0.015385334298897381,Preprocessor1_Model038
2.790742249696717e-5,0.3899944352451712,spec,binary,0.26026636588434343,5,0.08234284724109261,Preprocessor1_Model038
4.803143302028914,0.40451028174720705,accuracy,binary,0.8984313725490196,5,0.029777098774411176,Preprocessor1_Model039
4.803143302028914,0.40451028174720705,bal_accuracy,binary,0.5,5,0,Preprocessor1_Model039
4.803143302028914,0.40451028174720705,roc_auc,binary,0.5,5,0,Preprocessor1_Model039
4.803143302028914,0.40451028174720705,sens,binary,1,5,0,Preprocessor1_Model039
4.803143302028914,0.40451028174720705,spec,binary,0,5,0,Preprocessor1_Model039
0.29926788143781957,0.40683259326033294,accuracy,binary,0.8984313725490196,5,0.029777098774411176,Preprocessor1_Model040
0.29926788143781957,0.40683259326033294,bal_accuracy,binary,0.5,5,0,Preprocessor1_Model040
0.29926788143781957,0.40683259326033294,roc_auc,binary,0.5,5,0,Preprocessor1_Model040
0.29926788143781957,0.40683259326033294,sens,binary,1,5,0,Preprocessor1_Model040
0.29926788143781957,0.40683259326033294,spec,binary,0,5,0,Preprocessor1_Model040
7.976720056051073e-4,0.40947495261207223,accuracy,binary,0.8844705882352941,5,0.01680620354006781,Preprocessor1_Model041
7.976720056051073e-4,0.40947495261207223,bal_accuracy,binary,0.5970498321430766,5,0.02997235723467314,Preprocessor1_Model041
7.976720056051073e-4,0.40947495261207223,roc_auc,binary,0.805059083891117,5,0.03953518014086237,Preprocessor1_Model041
7.976720056051073e-4,0.40947495261207223,sens,binary,0.9626216373025084,5,0.015981999117410335,Preprocessor1_Model041
7.976720056051073e-4,0.40947495261207223,spec,binary,0.23147802698364495,5,0.07478200511908377,Preprocessor1_Model041
0.007245111962870537,0.4106897765304893,accuracy,binary,0.9004705882352941,5,0.02192977574132579,Preprocessor1_Model042
0.007245111962870537,0.4106897765304893,bal_accuracy,binary,0.6071157543921261,5,0.03525684332641238,Preprocessor1_Model042
0.007245111962870537,0.4106897765304893,roc_auc,binary,0.8258542462254825,5,0.04446050453484179,Preprocessor1_Model042
0.007245111962870537,0.4106897765304893,sens,binary,0.9809314350347403,5,0.014054855590985184,Preprocessor1_Model042
0.007245111962870537,0.4106897765304893,spec,binary,0.23330007374951195,5,0.07854210391620897,Preprocessor1_Model042
0.36340947626018627,0.4127461186144501,accuracy,binary,0.8984313725490196,5,0.029777098774411176,Preprocessor1_Model043
0.36340947626018627,0.4127461186144501,bal_accuracy,binary,0.5,5,0,Preprocessor1_Model043
0.36340947626018627,0.4127461186144501,roc_auc,binary,0.5,5,0,Preprocessor1_Model043
0.36340947626018627,0.4127461186144501,sens,binary,1,5,0,Preprocessor1_Model043
0.36340947626018627,0.4127461186144501,spec,binary,0,5,0,Preprocessor1_Model043
4.181965998563129e-5,0.4394315362442285,accuracy,binary,0.8791148459383753,5,0.014130406399005624,Preprocessor1_Model044
4.181965998563129e-5,0.4394315362442285,bal_accuracy,binary,0.606345237863871,5,0.034540787033262514,Preprocessor1_Model044
4.181965998563129e-5,0.4394315362442285,roc_auc,binary,0.8007503087835839,5,0.038190030391867476,Preprocessor1_Model044
4.181965998563129e-5,0.4394315362442285,sens,binary,0.9524241098433984,5,0.015385334298897381,Preprocessor1_Model044
4.181965998563129e-5,0.4394315362442285,spec,binary,0.26026636588434343,5,0.08234284724109261,Preprocessor1_Model044
1.8421182877944537,0.4447680020239204,accuracy,binary,0.8984313725490196,5,0.029777098774411176,Preprocessor1_Model045
1.8421182877944537,0.4447680020239204,bal_accuracy,binary,0.5,5,0,Preprocessor1_Model045
1.8421182877944537,0.4447680020239204,roc_auc,binary,0.5,5,0,Preprocessor1_Model045
1.8421182877944537,0.4447680020239204,sens,binary,1,5,0,Preprocessor1_Model045
1.8421182877944537,0.4447680020239204,spec,binary,0,5,0,Preprocessor1_Model045
2.0598606197185607e-5,0.46653270232491195,accuracy,binary,0.8791148459383753,5,0.014130406399005624,Preprocessor1_Model046
2.0598606197185607e-5,0.46653270232491195,bal_accuracy,binary,0.606345237863871,5,0.034540787033262514,Preprocessor1_Model046
2.0598606197185607e-5,0.46653270232491195,roc_auc,binary,0.8008631871321488,5,0.03809356847593018,Preprocessor1_Model046
2.0598606197185607e-5,0.46653270232491195,sens,binary,0.9524241098433984,5,0.015385334298897381,Preprocessor1_Model046
2.0598606197185607e-5,0.46653270232491195,spec,binary,0.26026636588434343,5,0.08234284724109261,Preprocessor1_Model046
0.0011072589273084241,0.48128980048932135,accuracy,binary,0.8848515406162465,5,0.018235561749618396,Preprocessor1_Model047
0.0011072589273084241,0.48128980048932135,bal_accuracy,binary,0.5936028072496498,5,0.02948252405011751,Preprocessor1_Model047
0.0011072589273084241,0.48128980048932135,roc_auc,binary,0.8083046527270524,5,0.04027097644232378,Preprocessor1_Model047
0.0011072589273084241,0.48128980048932135,sens,binary,0.9647163515605984,5,0.016148114942842063,Preprocessor1_Model047
0.0011072589273084241,0.48128980048932135,spec,binary,0.22248926293870114,5,0.074172290418483,Preprocessor1_Model047
3.830636919479691,0.48290239716880023,accuracy,binary,0.8984313725490196,5,0.029777098774411176,Preprocessor1_Model048
3.830636919479691,0.48290239716880023,bal_accuracy,binary,0.5,5,0,Preprocessor1_Model048
3.830636919479691,0.48290239716880023,roc_auc,binary,0.5,5,0,Preprocessor1_Model048
3.830636919479691,0.48290239716880023,sens,binary,1,5,0,Preprocessor1_Model048
3.830636919479691,0.48290239716880023,spec,binary,0,5,0,Preprocessor1_Model048
7.291862197020277e-4,0.48861303366720676,accuracy,binary,0.8837086834733894,5,0.016305393107097,Preprocessor1_Model049
7.291862197020277e-4,0.48861303366720676,bal_accuracy,binary,0.5966416688777705,5,0.030310581927345707,Preprocessor1_Model049
7.291862197020277e-4,0.48861303366720676,roc_auc,binary,0.8047631880305112,5,0.03930514144383166,Preprocessor1_Model049
7.291862197020277e-4,0.48861303366720676,sens,binary,0.9618053107718961,5,0.015572417369648654,Preprocessor1_Model049
7.291862197020277e-4,0.48861303366720676,spec,binary,0.23147802698364495,5,0.07478200511908377,Preprocessor1_Model049
0.001245662869983225,0.4975272670853883,accuracy,binary,0.8848515406162465,5,0.018235561749618396,Preprocessor1_Model050
0.001245662869983225,0.4975272670853883,bal_accuracy,binary,0.5936028072496498,5,0.02948252405011751,Preprocessor1_Model050
0.001245662869983225,0.4975272670853883,roc_auc,binary,0.8094320570077397,5,0.04032245470868927,Preprocessor1_Model050
0.001245662869983225,0.4975272670853883,sens,binary,0.9647163515605984,5,0.016148114942842063,Preprocessor1_Model050
0.001245662869983225,0.4975272670853883,spec,binary,0.22248926293870114,5,0.074172290418483,Preprocessor1_Model050
0.04526956928018602,0.502299563260749,accuracy,binary,0.8915742296918767,5,0.026017096242571515,Preprocessor1_Model051
0.04526956928018602,0.502299563260749,bal_accuracy,binary,0.538160469667319,5,0.03816046966731899,Preprocessor1_Model051
0.04526956928018602,0.502299563260749,roc_auc,binary,0.8273115241767185,5,0.03453279626869175,Preprocessor1_Model051
0.04526956928018602,0.502299563260749,sens,binary,0.9906066536203523,5,0.009393346379647748,Preprocessor1_Model051
0.04526956928018602,0.502299563260749,spec,binary,0.08571428571428572,5,0.0857142857142857,Preprocessor1_Model051
1.4869480358487166e-6,0.5211357257794589,accuracy,binary,0.8775910364145658,5,0.015032869958374533,Preprocessor1_Model052
1.4869480358487166e-6,0.5211357257794589,bal_accuracy,binary,0.6054278066712103,5,0.03423920695334968,Preprocessor1_Model052
1.4869480358487166e-6,0.5211357257794589,roc_auc,binary,0.8010338758188859,5,0.03778529046651939,Preprocessor1_Model052
1.4869480358487166e-6,0.5211357257794589,sens,binary,0.9505892474580774,5,0.015646859922248405,Preprocessor1_Model052
1.4869480358487166e-6,0.5211357257794589,spec,binary,0.26026636588434343,5,0.08234284724109261,Preprocessor1_Model052
0.01947139302205908,0.5298356858547777,accuracy,binary,0.902375350140056,5,0.020263899302746823,Preprocessor1_Model053
0.01947139302205908,0.5298356858547777,bal_accuracy,binary,0.6032821904919542,5,0.03254458794277167,Preprocessor1_Model053
0.01947139302205908,0.5298356858547777,roc_auc,binary,0.8276588629964258,5,0.037390451391370795,Preprocessor1_Model053
0.01947139302205908,0.5298356858547777,sens,binary,0.9840751180452073,5,0.01374659041300528,Preprocessor1_Model053
0.01947139302205908,0.5298356858547777,spec,binary,0.22248926293870114,5,0.074172290418483,Preprocessor1_Model053
0.0013791591647874008,0.5336879454553127,accuracy,binary,0.8856134453781512,5,0.018080770551741246,Preprocessor1_Model054
0.0013791591647874008,0.5336879454553127,bal_accuracy,binary,0.5940370830806018,5,0.02955504515714393,Preprocessor1_Model054
0.0013791591647874008,0.5336879454553127,roc_auc,binary,0.8103099117622818,5,0.0402548021417013,Preprocessor1_Model054
0.0013791591647874008,0.5336879454553127,sens,binary,0.9655849032225025,5,0.016015874140466103,Preprocessor1_Model054
0.0013791591647874008,0.5336879454553127,spec,binary,0.22248926293870114,5,0.074172290418483,Preprocessor1_Model054
5.279759502236701e-5,0.5492846560664475,accuracy,binary,0.8791148459383753,5,0.014130406399005624,Preprocessor1_Model055
5.279759502236701e-5,0.5492846560664475,bal_accuracy,binary,0.606345237863871,5,0.034540787033262514,Preprocessor1_Model055
5.279759502236701e-5,0.5492846560664475,roc_auc,binary,0.8009956591125579,5,0.038052998213671474,Preprocessor1_Model055
5.279759502236701e-5,0.5492846560664475,sens,binary,0.9524241098433984,5,0.015385334298897381,Preprocessor1_Model055
5.279759502236701e-5,0.5492846560664475,spec,binary,0.26026636588434343,5,0.08234284724109261,Preprocessor1_Model055
1.7838478151564099,0.5645904347766191,accuracy,binary,0.8984313725490196,5,0.029777098774411176,Preprocessor1_Model056
1.7838478151564099,0.5645904347766191,bal_accuracy,binary,0.5,5,0,Preprocessor1_Model056
1.7838478151564099,0.5645904347766191,roc_auc,binary,0.5,5,0,Preprocessor1_Model056
1.7838478151564099,0.5645904347766191,sens,binary,1,5,0,Preprocessor1_Model056
1.7838478151564099,0.5645904347766191,spec,binary,0,5,0,Preprocessor1_Model056
7.8112682383945e-6,0.5719353139866143,accuracy,binary,0.8775910364145658,5,0.015032869958374533,Preprocessor1_Model057
7.8112682383945e-6,0.5719353139866143,bal_accuracy,binary,0.6054278066712103,5,0.03423920695334968,Preprocessor1_Model057
7.8112682383945e-6,0.5719353139866143,roc_auc,binary,0.8010742512799022,5,0.03765324302311514,Preprocessor1_Model057
7.8112682383945e-6,0.5719353139866143,sens,binary,0.9505892474580774,5,0.015646859922248405,Preprocessor1_Model057
7.8112682383945e-6,0.5719353139866143,spec,binary,0.26026636588434343,5,0.08234284724109261,Preprocessor1_Model057
0.003806608555027851,0.5728670582175255,accuracy,binary,0.8951372549019607,5,0.022556603279597614,Preprocessor1_Model058
0.003806608555027851,0.5728670582175255,bal_accuracy,binary,0.599160033900274,5,0.031759006147079,Preprocessor1_Model058
0.003806608555027851,0.5728670582175255,roc_auc,binary,0.8216804941106893,5,0.04165888966899374,Preprocessor1_Model058
0.003806608555027851,0.5728670582175255,sens,binary,0.9758308048618467,5,0.01659359280336695,Preprocessor1_Model058
0.003806608555027851,0.5728670582175255,spec,binary,0.22248926293870114,5,0.074172290418483,Preprocessor1_Model058
5.997192240862187e-6,0.581750099780038,accuracy,binary,0.8775910364145658,5,0.015032869958374533,Preprocessor1_Model059
5.997192240862187e-6,0.581750099780038,bal_accuracy,binary,0.6054278066712103,5,0.03423920695334968,Preprocessor1_Model059
5.997192240862187e-6,0.581750099780038,roc_auc,binary,0.8011663754262252,5,0.03764411243590121,Preprocessor1_Model059
5.997192240862187e-6,0.581750099780038,sens,binary,0.9505892474580774,5,0.015646859922248405,Preprocessor1_Model059
5.997192240862187e-6,0.581750099780038,spec,binary,0.26026636588434343,5,0.08234284724109261,Preprocessor1_Model059
1.9744449746049724e-4,0.5854833531193435,accuracy,binary,0.8821848739495798,5,0.012918456537590224,Preprocessor1_Model060
1.9744449746049724e-4,0.5854833531193435,bal_accuracy,binary,0.6063590890896223,5,0.03425507346455157,Preprocessor1_Model060
1.9744449746049724e-4,0.5854833531193435,roc_auc,binary,0.8030149337415385,5,0.03702967807641995,Preprocessor1_Model060
1.9744449746049724e-4,0.5854833531193435,sens,binary,0.9569461943173733,5,0.015642221130725234,Preprocessor1_Model060
1.9744449746049724e-4,0.5854833531193435,spec,binary,0.2557719838618715,5,0.08110137735525476,Preprocessor1_Model060
5.248709176565009e-6,0.5943431940395385,accuracy,binary,0.8775910364145658,5,0.015032869958374533,Preprocessor1_Model061
5.248709176565009e-6,0.5943431940395385,bal_accuracy,binary,0.6054278066712103,5,0.03423920695334968,Preprocessor1_Model061
5.248709176565009e-6,0.5943431940395385,roc_auc,binary,0.801513651384031,5,0.03743532938986149,Preprocessor1_Model061
5.248709176565009e-6,0.5943431940395385,sens,binary,0.9505892474580774,5,0.015646859922248405,Preprocessor1_Model061
5.248709176565009e-6,0.5943431940395385,spec,binary,0.26026636588434343,5,0.08234284724109261,Preprocessor1_Model061
1.0304872930832718e-4,0.5999889592640102,accuracy,binary,0.8829467787114845,5,0.012319066596132014,Preprocessor1_Model062
1.0304872930832718e-4,0.5999889592640102,bal_accuracy,binary,0.6086307198662366,5,0.035041149668186444,Preprocessor1_Model062
1.0304872930832718e-4,0.5999889592640102,roc_auc,binary,0.8023425219988545,5,0.037309586837192196,Preprocessor1_Model062
1.0304872930832718e-4,0.5999889592640102,sens,binary,0.9569950738481298,5,0.015873179632215496,Preprocessor1_Model062
1.0304872930832718e-4,0.5999889592640102,spec,binary,0.26026636588434343,5,0.08234284724109261,Preprocessor1_Model062
1.7657666528824651,0.6087349823210388,accuracy,binary,0.8984313725490196,5,0.029777098774411176,Preprocessor1_Model063
1.7657666528824651,0.6087349823210388,bal_accuracy,binary,0.5,5,0,Preprocessor1_Model063
1.7657666528824651,0.6087349823210388,roc_auc,binary,0.5,5,0,Preprocessor1_Model063
1.7657666528824651,0.6087349823210388,sens,binary,1,5,0,Preprocessor1_Model063
1.7657666528824651,0.6087349823210388,spec,binary,0,5,0,Preprocessor1_Model063
3.474019054247708e-5,0.6180178732611239,accuracy,binary,0.8791148459383753,5,0.014130406399005624,Preprocessor1_Model064
3.474019054247708e-5,0.6180178732611239,bal_accuracy,binary,0.606345237863871,5,0.034540787033262514,Preprocessor1_Model064
3.474019054247708e-5,0.6180178732611239,roc_auc,binary,0.8005631611727786,5,0.03813979913527983,Preprocessor1_Model064
3.474019054247708e-5,0.6180178732611239,sens,binary,0.9524241098433984,5,0.015385334298897381,Preprocessor1_Model064
3.474019054247708e-5,0.6180178732611239,spec,binary,0.26026636588434343,5,0.08234284724109261,Preprocessor1_Model064
5.510228741850686,0.6192564833909273,accuracy,binary,0.8984313725490196,5,0.029777098774411176,Preprocessor1_Model065
5.510228741850686,0.6192564833909273,bal_accuracy,binary,0.5,5,0,Preprocessor1_Model065
5.510228741850686,0.6192564833909273,roc_auc,binary,0.5,5,0,Preprocessor1_Model065
5.510228741850686,0.6192564833909273,sens,binary,1,5,0,Preprocessor1_Model065
5.510228741850686,0.6192564833909273,spec,binary,0,5,0,Preprocessor1_Model065
0.03956461060601334,0.6199933101888746,accuracy,binary,0.8915742296918767,5,0.026017096242571515,Preprocessor1_Model066
0.03956461060601334,0.6199933101888746,bal_accuracy,binary,0.538160469667319,5,0.03816046966731899,Preprocessor1_Model066
0.03956461060601334,0.6199933101888746,roc_auc,binary,0.8286329153877946,5,0.030500436120727524,Preprocessor1_Model066
0.03956461060601334,0.6199933101888746,sens,binary,0.9906066536203523,5,0.009393346379647748,Preprocessor1_Model066
0.03956461060601334,0.6199933101888746,spec,binary,0.08571428571428572,5,0.0857142857142857,Preprocessor1_Model066
0.19112879004404526,0.6299730534665287,accuracy,binary,0.8984313725490196,5,0.029777098774411176,Preprocessor1_Model067
0.19112879004404526,0.6299730534665287,bal_accuracy,binary,0.5,5,0,Preprocessor1_Model067
0.19112879004404526,0.6299730534665287,roc_auc,binary,0.5,5,0,Preprocessor1_Model067
0.19112879004404526,0.6299730534665287,sens,binary,1,5,0,Preprocessor1_Model067
0.19112879004404526,0.6299730534665287,spec,binary,0,5,0,Preprocessor1_Model067
1.685680304118321,0.6478934793267399,accuracy,binary,0.8984313725490196,5,0.029777098774411176,Preprocessor1_Model068
1.685680304118321,0.6478934793267399,bal_accuracy,binary,0.5,5,0,Preprocessor1_Model068
1.685680304118321,0.6478934793267399,roc_auc,binary,0.5,5,0,Preprocessor1_Model068
1.685680304118321,0.6478934793267399,sens,binary,1,5,0,Preprocessor1_Model068
1.685680304118321,0.6478934793267399,spec,binary,0,5,0,Preprocessor1_Model068
4.8728996135542654e-4,0.64998515881598,accuracy,binary,0.8829467787114846,5,0.01614320102132478,Preprocessor1_Model069
4.8728996135542654e-4,0.64998515881598,bal_accuracy,binary,0.5987296174821126,5,0.031008749329243374,Preprocessor1_Model069
4.8728996135542654e-4,0.64998515881598,roc_auc,binary,0.8037718543427371,5,0.038383063168502686,Preprocessor1_Model069
4.8728996135542654e-4,0.64998515881598,sens,binary,0.9605758025751748,5,0.015993883441403435,Preprocessor1_Model069
4.8728996135542654e-4,0.64998515881598,spec,binary,0.23688343238905035,5,0.07663225584560361,Preprocessor1_Model069
4.520275522461698e-6,0.6592303242068738,accuracy,binary,0.8775910364145658,5,0.015032869958374533,Preprocessor1_Model070
4.520275522461698e-6,0.6592303242068738,bal_accuracy,binary,0.6054278066712103,5,0.03423920695334968,Preprocessor1_Model070
4.520275522461698e-6,0.6592303242068738,roc_auc,binary,0.801654578175146,5,0.037277755472981934,Preprocessor1_Model070
4.520275522461698e-6,0.6592303242068738,sens,binary,0.9505892474580774,5,0.015646859922248405,Preprocessor1_Model070
4.520275522461698e-6,0.6592303242068738,spec,binary,0.26026636588434343,5,0.08234284724109261,Preprocessor1_Model070
0.002210913734749446,0.6598384496755898,accuracy,binary,0.894375350140056,5,0.022081071702483735,Preprocessor1_Model071
0.002210913734749446,0.6598384496755898,bal_accuracy,binary,0.5987501978347002,5,0.031557759186387646,Preprocessor1_Model071
0.002210913734749446,0.6598384496755898,roc_auc,binary,0.8161405884272768,5,0.040543565688860875,Preprocessor1_Model071
0.002210913734749446,0.6598384496755898,sens,binary,0.9750111327306992,5,0.016312994105406466,Preprocessor1_Model071
0.002210913734749446,0.6598384496755898,spec,binary,0.22248926293870114,5,0.074172290418483,Preprocessor1_Model071
0.0021243008294974317,0.668284649727866,accuracy,binary,0.894375350140056,5,0.022081071702483735,Preprocessor1_Model072
0.0021243008294974317,0.668284649727866,bal_accuracy,binary,0.5987501978347002,5,0.031557759186387646,Preprocessor1_Model072
0.0021243008294974317,0.668284649727866,roc_auc,binary,0.81583251818104,5,0.04047149363769947,Preprocessor1_Model072
0.0021243008294974317,0.668284649727866,sens,binary,0.9750111327306992,5,0.016312994105406466,Preprocessor1_Model072
0.0021243008294974317,0.668284649727866,spec,binary,0.22248926293870114,5,0.074172290418483,Preprocessor1_Model072
0.06838123639305643,0.6729990926105529,accuracy,binary,0.8927170868347339,5,0.026557919165564027,Preprocessor1_Model073
0.06838123639305643,0.6729990926105529,bal_accuracy,binary,0.538747553816047,5,0.03874755381604695,Preprocessor1_Model073
0.06838123639305643,0.6729990926105529,roc_auc,binary,0.7676747303744446,5,0.044324446619352656,Preprocessor1_Model073
0.06838123639305643,0.6729990926105529,sens,binary,0.9917808219178083,5,0.008219178082191792,Preprocessor1_Model073
0.06838123639305643,0.6729990926105529,spec,binary,0.08571428571428572,5,0.0857142857142857,Preprocessor1_Model073
1.0710149453473354e-5,0.6900071015115827,accuracy,binary,0.8775910364145658,5,0.015032869958374533,Preprocessor1_Model074
1.0710149453473354e-5,0.6900071015115827,bal_accuracy,binary,0.6054278066712103,5,0.03423920695334968,Preprocessor1_Model074
1.0710149453473354e-5,0.6900071015115827,roc_auc,binary,0.8016241959460915,5,0.03726837903745184,Preprocessor1_Model074
1.0710149453473354e-5,0.6900071015115827,sens,binary,0.9505892474580774,5,0.015646859922248405,Preprocessor1_Model074
1.0710149453473354e-5,0.6900071015115827,spec,binary,0.26026636588434343,5,0.08234284724109261,Preprocessor1_Model074
8.385470930870752e-4,0.7082903222180903,accuracy,binary,0.886375350140056,5,0.017256378851996997,Preprocessor1_Model075
8.385470930870752e-4,0.7082903222180903,bal_accuracy,binary,0.5980971892721216,5,0.02979528087797365,Preprocessor1_Model075
8.385470930870752e-4,0.7082903222180903,roc_auc,binary,0.807104147984995,5,0.039108596220193186,Preprocessor1_Model075
8.385470930870752e-4,0.7082903222180903,sens,binary,0.9647163515605984,5,0.016148114942842063,Preprocessor1_Model075
8.385470930870752e-4,0.7082903222180903,spec,binary,0.23147802698364495,5,0.07478200511908377,Preprocessor1_Model075
5.253790836043036e-6,0.7205962734296918,accuracy,binary,0.8775910364145658,5,0.015032869958374533,Preprocessor1_Model076
5.253790836043036e-6,0.7205962734296918,bal_accuracy,binary,0.6054278066712103,5,0.03423920695334968,Preprocessor1_Model076
5.253790836043036e-6,0.7205962734296918,roc_auc,binary,0.801868029751888,5,0.037071344819228164,Preprocessor1_Model076
5.253790836043036e-6,0.7205962734296918,sens,binary,0.9505892474580774,5,0.015646859922248405,Preprocessor1_Model076
5.253790836043036e-6,0.7205962734296918,spec,binary,0.26026636588434343,5,0.08234284724109261,Preprocessor1_Model076
1.0110997602276164,0.7321352055296302,accuracy,binary,0.8984313725490196,5,0.029777098774411176,Preprocessor1_Model077
1.0110997602276164,0.7321352055296302,bal_accuracy,binary,0.5,5,0,Preprocessor1_Model077
1.0110997602276164,0.7321352055296302,roc_auc,binary,0.5,5,0,Preprocessor1_Model077
1.0110997602276164,0.7321352055296302,sens,binary,1,5,0,Preprocessor1_Model077
1.0110997602276164,0.7321352055296302,spec,binary,0,5,0,Preprocessor1_Model077
0.3700598119603632,0.7370777379255742,accuracy,binary,0.8984313725490196,5,0.029777098774411176,Preprocessor1_Model078
0.3700598119603632,0.7370777379255742,bal_accuracy,binary,0.5,5,0,Preprocessor1_Model078
0.3700598119603632,0.7370777379255742,roc_auc,binary,0.5,5,0,Preprocessor1_Model078
0.3700598119603632,0.7370777379255742,sens,binary,1,5,0,Preprocessor1_Model078
0.3700598119603632,0.7370777379255742,spec,binary,0,5,0,Preprocessor1_Model078
0.4682205506073514,0.7403343603946269,accuracy,binary,0.8984313725490196,5,0.029777098774411176,Preprocessor1_Model079
0.4682205506073514,0.7403343603946269,bal_accuracy,binary,0.5,5,0,Preprocessor1_Model079
0.4682205506073514,0.7403343603946269,roc_auc,binary,0.5,5,0,Preprocessor1_Model079
0.4682205506073514,0.7403343603946269,sens,binary,1,5,0,Preprocessor1_Model079
0.4682205506073514,0.7403343603946269,spec,binary,0,5,0,Preprocessor1_Model079
1.0101210308705704e-6,0.7465680041350424,accuracy,binary,0.8775910364145658,5,0.015032869958374533,Preprocessor1_Model080
1.0101210308705704e-6,0.7465680041350424,bal_accuracy,binary,0.6054278066712103,5,0.03423920695334968,Preprocessor1_Model080
1.0101210308705704e-6,0.7465680041350424,roc_auc,binary,0.8019487315093443,5,0.03697968286920773,Preprocessor1_Model080
1.0101210308705704e-6,0.7465680041350424,sens,binary,0.9505892474580774,5,0.015646859922248405,Preprocessor1_Model080
1.0101210308705704e-6,0.7465680041350424,spec,binary,0.26026636588434343,5,0.08234284724109261,Preprocessor1_Model080
3.2723183734225986e-5,0.7862815517000854,accuracy,binary,0.8791148459383753,5,0.014130406399005624,Preprocessor1_Model081
3.2723183734225986e-5,0.7862815517000854,bal_accuracy,binary,0.606345237863871,5,0.034540787033262514,Preprocessor1_Model081
3.2723183734225986e-5,0.7862815517000854,roc_auc,binary,0.8008387340748647,5,0.037920998141722013,Preprocessor1_Model081
3.2723183734225986e-5,0.7862815517000854,sens,binary,0.9524241098433984,5,0.015385334298897381,Preprocessor1_Model081
3.2723183734225986e-5,0.7862815517000854,spec,binary,0.26026636588434343,5,0.08234284724109261,Preprocessor1_Model081
0.2038059048653634,0.821805460145697,accuracy,binary,0.8984313725490196,5,0.029777098774411176,Preprocessor1_Model082
0.2038059048653634,0.821805460145697,bal_accuracy,binary,0.5,5,0,Preprocessor1_Model082
0.2038059048653634,0.821805460145697,roc_auc,binary,0.5,5,0,Preprocessor1_Model082
0.2038059048653634,0.821805460145697,sens,binary,1,5,0,Preprocessor1_Model082
0.2038059048653634,0.821805460145697,spec,binary,0,5,0,Preprocessor1_Model082
5.0738346388095935e-5,0.839767764788121,accuracy,binary,0.8791148459383753,5,0.014130406399005624,Preprocessor1_Model083
5.0738346388095935e-5,0.839767764788121,bal_accuracy,binary,0.606345237863871,5,0.034540787033262514,Preprocessor1_Model083
5.0738346388095935e-5,0.839767764788121,roc_auc,binary,0.8011057453066232,5,0.0377932701881761,Preprocessor1_Model083
5.0738346388095935e-5,0.839767764788121,sens,binary,0.9524241098433984,5,0.015385334298897381,Preprocessor1_Model083
5.0738346388095935e-5,0.839767764788121,spec,binary,0.26026636588434343,5,0.08234284724109261,Preprocessor1_Model083
1.1671138805963828e-5,0.8427293188869953,accuracy,binary,0.8768291316526611,5,0.0155205693476821,Preprocessor1_Model084
1.1671138805963828e-5,0.8427293188869953,bal_accuracy,binary,0.6049690910748801,5,0.03409667454089644,Preprocessor1_Model084
1.1671138805963828e-5,0.8427293188869953,roc_auc,binary,0.8022005003827232,5,0.03684795990740419,Preprocessor1_Model084
1.1671138805963828e-5,0.8427293188869953,sens,binary,0.9496718162654167,5,0.01585582298006258,Preprocessor1_Model084
1.1671138805963828e-5,0.8427293188869953,spec,binary,0.26026636588434343,5,0.08234284724109261,Preprocessor1_Model084
2.093235862520464e-6,0.8474531651008874,accuracy,binary,0.8760672268907562,5,0.016029658895292977,Preprocessor1_Model085
2.093235862520464e-6,0.8474531651008874,bal_accuracy,binary,0.6045103754785498,5,0.03395974052754165,Preprocessor1_Model085
2.093235862520464e-6,0.8474531651008874,roc_auc,binary,0.8023795405646287,5,0.03669547303135392,Preprocessor1_Model085
2.093235862520464e-6,0.8474531651008874,sens,binary,0.9487543850727562,5,0.01611438423614849,Preprocessor1_Model085
2.093235862520464e-6,0.8474531651008874,spec,binary,0.26026636588434343,5,0.08234284724109261,Preprocessor1_Model085
0.09360020705720425,0.8636441114358604,accuracy,binary,0.8927170868347339,5,0.026557919165564027,Preprocessor1_Model086
0.09360020705720425,0.8636441114358604,bal_accuracy,binary,0.49706457925636005,5,0.002935420743639927,Preprocessor1_Model086
0.09360020705720425,0.8636441114358604,roc_auc,binary,0.599913606710333,5,0.05573869852438194,Preprocessor1_Model086
0.09360020705720425,0.8636441114358604,sens,binary,0.9941291585127201,5,0.005870841487279854,Preprocessor1_Model086
0.09360020705720425,0.8636441114358604,spec,binary,0,5,0,Preprocessor1_Model086
2.9012514111444025e-4,0.8746823428664356,accuracy,binary,0.8837086834733894,5,0.013262296939592626,Preprocessor1_Model087
2.9012514111444025e-4,0.8746823428664356,bal_accuracy,binary,0.6072015281858805,5,0.034051111783798944,Preprocessor1_Model087
2.9012514111444025e-4,0.8746823428664356,roc_auc,binary,0.8038162774341151,5,0.03675294376758809,Preprocessor1_Model087
2.9012514111444025e-4,0.8746823428664356,sens,binary,0.9586310725098895,5,0.015797969905453558,Preprocessor1_Model087
2.9012514111444025e-4,0.8746823428664356,spec,binary,0.2557719838618715,5,0.08110137735525476,Preprocessor1_Model087
2.083989352451526e-6,0.8903502221219242,accuracy,binary,0.8760672268907562,5,0.016029658895292977,Preprocessor1_Model088
2.083989352451526e-6,0.8903502221219242,bal_accuracy,binary,0.6045103754785498,5,0.03395974052754165,Preprocessor1_Model088
2.083989352451526e-6,0.8903502221219242,roc_auc,binary,0.802305205583743,5,0.03666942252006824,Preprocessor1_Model088
2.083989352451526e-6,0.8903502221219242,sens,binary,0.9487543850727562,5,0.01611438423614849,Preprocessor1_Model088
2.083989352451526e-6,0.8903502221219242,spec,binary,0.26026636588434343,5,0.08234284724109261,Preprocessor1_Model088
2.0705862029947357,0.8913941171485931,accuracy,binary,0.8984313725490196,5,0.029777098774411176,Preprocessor1_Model089
2.0705862029947357,0.8913941171485931,bal_accuracy,binary,0.5,5,0,Preprocessor1_Model089
2.0705862029947357,0.8913941171485931,roc_auc,binary,0.5,5,0,Preprocessor1_Model089
2.0705862029947357,0.8913941171485931,sens,binary,1,5,0,Preprocessor1_Model089
2.0705862029947357,0.8913941171485931,spec,binary,0,5,0,Preprocessor1_Model089
1.680229293045013e-5,0.9018743894994259,accuracy,binary,0.8775910364145658,5,0.015032869958374533,Preprocessor1_Model090
1.680229293045013e-5,0.9018743894994259,bal_accuracy,binary,0.6054278066712103,5,0.03423920695334968,Preprocessor1_Model090
1.680229293045013e-5,0.9018743894994259,roc_auc,binary,0.8020774731271031,5,0.03681815474231722,Preprocessor1_Model090
1.680229293045013e-5,0.9018743894994259,sens,binary,0.9505892474580774,5,0.015646859922248405,Preprocessor1_Model090
1.680229293045013e-5,0.9018743894994259,spec,binary,0.26026636588434343,5,0.08234284724109261,Preprocessor1_Model090
1.6042920283427717,0.9131882230285555,accuracy,binary,0.8984313725490196,5,0.029777098774411176,Preprocessor1_Model091
1.6042920283427717,0.9131882230285555,bal_accuracy,binary,0.5,5,0,Preprocessor1_Model091
1.6042920283427717,0.9131882230285555,roc_auc,binary,0.5,5,0,Preprocessor1_Model091
1.6042920283427717,0.9131882230285555,sens,binary,1,5,0,Preprocessor1_Model091
1.6042920283427717,0.9131882230285555,spec,binary,0,5,0,Preprocessor1_Model091
0.004974373789125439,0.9144381869118661,accuracy,binary,0.8951372549019607,5,0.022556603279597614,Preprocessor1_Model092
0.004974373789125439,0.9144381869118661,bal_accuracy,binary,0.599160033900274,5,0.031759006147079,Preprocessor1_Model092
0.004974373789125439,0.9144381869118661,roc_auc,binary,0.8326419642734578,5,0.041705414826584325,Preprocessor1_Model092
0.004974373789125439,0.9144381869118661,sens,binary,0.9758308048618467,5,0.01659359280336695,Preprocessor1_Model092
0.004974373789125439,0.9144381869118661,spec,binary,0.22248926293870114,5,0.074172290418483,Preprocessor1_Model092
4.986931667833684,0.935299803270027,accuracy,binary,0.8984313725490196,5,0.029777098774411176,Preprocessor1_Model093
4.986931667833684,0.935299803270027,bal_accuracy,binary,0.5,5,0,Preprocessor1_Model093
4.986931667833684,0.935299803270027,roc_auc,binary,0.5,5,0,Preprocessor1_Model093
4.986931667833684,0.935299803270027,sens,binary,1,5,0,Preprocessor1_Model093
4.986931667833684,0.935299803270027,spec,binary,0,5,0,Preprocessor1_Model093
1.748286875948934e-4,0.9373140891548246,accuracy,binary,0.8833277310924369,5,0.012361006532596034,Preprocessor1_Model094
1.748286875948934e-4,0.9373140891548246,bal_accuracy,binary,0.6088356378990234,5,0.03510553912109715,Preprocessor1_Model094
1.748286875948934e-4,0.9373140891548246,roc_auc,binary,0.8022157048214755,5,0.03704322692776028,Preprocessor1_Model094
1.748286875948934e-4,0.9373140891548246,sens,binary,0.9574049099137035,5,0.015678691847420292,Preprocessor1_Model094
1.748286875948934e-4,0.9373140891548246,spec,binary,0.26026636588434343,5,0.08234284724109261,Preprocessor1_Model094
0.010196093601453774,0.9477269400376827,accuracy,binary,0.9012324929971989,5,0.019773116981597755,Preprocessor1_Model095
0.010196093601453774,0.9477269400376827,bal_accuracy,binary,0.6026447848447638,5,0.03386490589949685,Preprocessor1_Model095
0.010196093601453774,0.9477269400376827,roc_auc,binary,0.8361907348949192,5,0.038654800744165045,Preprocessor1_Model095
0.010196093601453774,0.9477269400376827,sens,binary,0.9828003067508265,5,0.012094293361023354,Preprocessor1_Model095
0.010196093601453774,0.9477269400376827,spec,binary,0.22248926293870114,5,0.074172290418483,Preprocessor1_Model095
1.9697755150090963e-6,0.9540912385564297,accuracy,binary,0.8756862745098039,5,0.01629160164504162,Preprocessor1_Model096
1.9697755150090963e-6,0.9540912385564297,bal_accuracy,binary,0.6042810176803847,5,0.0338933942335636,Preprocessor1_Model096
1.9697755150090963e-6,0.9540912385564297,roc_auc,binary,0.8022024059456803,5,0.0366786572953283,Preprocessor1_Model096
1.9697755150090963e-6,0.9540912385564297,sens,binary,0.948295669476426,5,0.016261542601264986,Preprocessor1_Model096
1.9697755150090963e-6,0.9540912385564297,spec,binary,0.26026636588434343,5,0.08234284724109261,Preprocessor1_Model096
1.5174759892375498,0.9544738274998963,accuracy,binary,0.8984313725490196,5,0.029777098774411176,Preprocessor1_Model097
1.5174759892375498,0.9544738274998963,bal_accuracy,binary,0.5,5,0,Preprocessor1_Model097
1.5174759892375498,0.9544738274998963,roc_auc,binary,0.5,5,0,Preprocessor1_Model097
1.5174759892375498,0.9544738274998963,sens,binary,1,5,0,Preprocessor1_Model097
1.5174759892375498,0.9544738274998963,spec,binary,0,5,0,Preprocessor1_Model097
1.6875904281635497e-4,0.9798219173680991,accuracy,binary,0.8829467787114845,5,0.012538005370499877,Preprocessor1_Model098
1.6875904281635497e-4,0.9798219173680991,bal_accuracy,binary,0.6086062801008583,5,0.035020285575721594,Preprocessor1_Model098
1.6875904281635497e-4,0.9798219173680991,roc_auc,binary,0.8017774470443031,5,0.03735374693073309,Preprocessor1_Model098
1.6875904281635497e-4,0.9798219173680991,sens,binary,0.9569461943173733,5,0.015642221130725234,Preprocessor1_Model098
1.6875904281635497e-4,0.9798219173680991,spec,binary,0.26026636588434343,5,0.08234284724109261,Preprocessor1_Model098
0.0911408925135993,0.9842192034702748,accuracy,binary,0.8984313725490196,5,0.029777098774411176,Preprocessor1_Model099
0.0911408925135993,0.9842192034702748,bal_accuracy,binary,0.5,5,0,Preprocessor1_Model099
0.0911408925135993,0.9842192034702748,roc_auc,binary,0.5448115658940065,5,0.04635267588239875,Preprocessor1_Model099
0.0911408925135993,0.9842192034702748,sens,binary,1,5,0,Preprocessor1_Model099
0.0911408925135993,0.9842192034702748,spec,binary,0,5,0,Preprocessor1_Model099
2.538722931200864e-4,0.9856408843770623,accuracy,binary,0.8837086834733894,5,0.013262296939592626,Preprocessor1_Model100
2.538722931200864e-4,0.9856408843770623,bal_accuracy,binary,0.6072015281858805,5,0.034051111783798944,Preprocessor1_Model100
2.538722931200864e-4,0.9856408843770623,roc_auc,binary,0.8037731151951648,5,0.03640267571781675,Preprocessor1_Model100
2.538722931200864e-4,0.9856408843770623,sens,binary,0.9586310725098895,5,0.015797969905453558,Preprocessor1_Model100
2.538722931200864e-4,0.9856408843770623,spec,binary,0.2557719838618715,5,0.08110137735525476,Preprocessor1_Model100
