sf,workers,query_id,elapsed_D1,elapsed_D2,ratio_d2_over_d1,faster_strategy
10,2,Q001,1.895,59.639,31.471767810026385,D1 mai rapid
10,2,Q002,2.681,8.504,3.1719507646400595,D1 mai rapid
10,2,Q003,11.755,19.299,1.6417694598043384,D1 mai rapid
10,2,Q004,4.455,15.177,3.4067340067340064,D1 mai rapid
10,2,Q005,2.749,13.783,5.013823208439432,D1 mai rapid
10,2,Q006,38.348,160.155,4.176358610618546,D1 mai rapid
10,2,Q007,6.066,0.987,0.16271018793273986,D2 mai rapid
10,2,Q008,8.813,106.709,12.108135708612277,D1 mai rapid
10,2,Q009,1.216,1.695,1.3939144736842106,D1 mai rapid
10,2,Q010,1.005,7.825,7.786069651741294,D1 mai rapid
10,2,Q011,10.17,2.554,0.2511307767944936,D2 mai rapid
10,2,Q012,7.952,3.447,0.43347585513078474,D2 mai rapid
10,2,Q014,1.042,0.457,0.43857965451055664,D2 mai rapid
10,2,Q015,0.3,0.401,1.336666666666667,D1 mai rapid
10,2,Q016,51.162,11.488,0.2245416520073492,D2 mai rapid
10,2,Q017,34.097,3.91,0.11467284511833886,D2 mai rapid
10,2,Q018,9.671,11.062,1.1438320752766002,D1 mai rapid
10,2,Q019,0.566,12.618,22.293286219081274,D1 mai rapid
10,2,Q020,0.385,3.57,9.272727272727272,D1 mai rapid
10,2,Q021,3.16,3.341,1.0572784810126583,D1 mai rapid
10,2,Q022,2.731,3.127,1.1450018308311973,D1 mai rapid
10,2,Q023,11.591,25.541,2.2035199723923737,D1 mai rapid
10,2,Q025,36.461,3.776,0.10356271084172129,D2 mai rapid
10,2,Q026,5.753,2.98,0.517990613592908,D2 mai rapid
10,2,Q027,1.311,1.271,0.969488939740656,D2 mai rapid
10,2,Q028,2218.742,1943.045,0.875741749153349,D2 mai rapid
10,2,Q029,1.526,2.235,1.4646133682830929,D1 mai rapid
10,2,Q030,17.752,6.473,0.36463497070752593,D2 mai rapid
10,2,Q031,90.133,104.664,1.161217312194202,D1 mai rapid
10,2,Q032,7.741,1.907,0.2463506006975843,D2 mai rapid
10,2,Q033,13.695,22.436,1.6382621394669588,D1 mai rapid
10,2,Q034,43.266,11.601,0.26813202052419915,D2 mai rapid
10,2,Q035,3.832,1.585,0.4136221294363257,D2 mai rapid
10,2,Q036,71.539,2.277,0.03182879268650666,D2 mai rapid
10,2,Q037,15.804,3.977,0.25164515312579094,D2 mai rapid
10,2,Q038,4.426,22.897,5.173294170808856,D1 mai rapid
10,2,Q039,3.495,2.39,0.6838340486409156,D2 mai rapid
10,2,Q041,12.062,5.561,0.46103465428618806,D2 mai rapid
10,2,Q042,8.366,66.093,7.900191250298829,D1 mai rapid
10,2,Q043,3.018,2.122,0.7031146454605699,D2 mai rapid
10,2,Q044,9.038,10.667,1.1802389909271962,D1 mai rapid
10,2,Q045,93.741,109.986,1.1732966364771018,D1 mai rapid
10,2,Q046,9.29,7.35,0.791173304628633,D2 mai rapid
10,2,Q047,17.961,17.269,0.9614720783920717,D2 mai rapid
10,2,Q048,2.807,2.792,0.9946562166013537,D2 mai rapid
10,2,Q049,3.224,2.891,0.896712158808933,D2 mai rapid
10,2,Q052,40.61,809.747,19.93959615858163,D1 mai rapid
10,2,Q053,38.366,809.137,21.089949434395034,D1 mai rapid
10,2,Q054,11.028,4.804,0.4356184258251723,D2 mai rapid
10,2,Q056,6.258,9.947,1.5894854586129752,D1 mai rapid
10,2,Q057,26.889,24.771,0.9212317304473949,D2 mai rapid
10,2,Q058,29.857,29.506,0.9882439628897747,D2 mai rapid
10,2,Q059,29.587,28.331,0.9575489235137054,D2 mai rapid
10,2,Q060,49.296,48.688,0.9876663420967219,D2 mai rapid
10,2,Q062,3.232,2.193,0.6785272277227723,D2 mai rapid
10,2,Q063,2.691,1.459,0.5421776291341509,D2 mai rapid
10,2,Q066,23.414,3.14,0.1341077987528829,D2 mai rapid
10,2,Q067,3.412,30.863,9.045427901524032,D1 mai rapid
10,2,Q070,8.069,3.194,0.39583591523113143,D2 mai rapid
10,2,Q071,3.238,2.919,0.9014823965410748,D2 mai rapid
10,2,Q072,1.692,1.378,0.8144208037825059,D2 mai rapid
10,2,Q073,3.239,3.107,0.9592466810744058,D2 mai rapid
10,2,Q074,1.507,1.817,1.205706702057067,D1 mai rapid
10,2,Q075,26.34,23.671,0.8986712224753227,D2 mai rapid
10,2,Q076,13.255,6.18,0.46623915503583546,D2 mai rapid
10,2,Q077,3.696,3.829,1.0359848484848484,D1 mai rapid
10,2,Q078,9.053,4.821,0.5325306528222687,D2 mai rapid
10,2,Q079,6.304,8.519,1.3513642131979695,D1 mai rapid
10,2,Q080,1.129,0.226,0.20017714791851196,D2 mai rapid
10,2,Q081,0.418,0.232,0.5550239234449761,D2 mai rapid
10,2,Q082,3.578,1.487,0.4155953046394634,D2 mai rapid
10,2,Q083,1.075,0.733,0.6818604651162791,D2 mai rapid
10,2,Q084,0.476,0.339,0.71218487394958,D2 mai rapid
10,2,Q085,0.471,0.44,0.9341825902335457,D2 mai rapid
10,2,Q086,10.233,3.907,0.3818039675559464,D2 mai rapid
10,2,Q087,2.289,1.085,0.474006116207951,D2 mai rapid
10,2,Q088,2.089,1.159,0.5548109143130685,D2 mai rapid
10,2,Q089,1.439,1.042,0.7241139680333565,D2 mai rapid
10,2,Q090,2.957,1.629,0.5508961785593507,D2 mai rapid
10,2,Q091,0.285,0.406,1.4245614035087721,D1 mai rapid
10,2,Q092,17.366,15.387,0.8860416906599102,D2 mai rapid
10,2,Q093,17.054,15.053,0.8826668230327197,D2 mai rapid
10,2,Q094,1.223,0.852,0.6966475878986099,D2 mai rapid
10,2,Q095,1.06,0.77,0.7264150943396226,D2 mai rapid
10,2,Q096,5.235,1.565,0.29894937917860553,D2 mai rapid
10,2,Q097,1.695,1.66,0.9793510324483775,D2 mai rapid
10,2,Q098,1.361,1.556,1.1432770022042615,D1 mai rapid
10,2,Q099,570.668,452.636,0.7931687075497488,D2 mai rapid
10,2,Q100,1.654,0.665,0.40205562273276907,D2 mai rapid
10,2,Q102,0.844,2.836,3.3601895734597154,D1 mai rapid
10,2,Q104,5.297,4.878,0.9208986218614311,D2 mai rapid
10,2,Q105,7.621,19.443,2.551239994751345,D1 mai rapid
10,2,Q106,10.23,9.367,0.9156402737047898,D2 mai rapid
10,2,Q107,14.559,9.496,0.6522425990796071,D2 mai rapid
10,2,Q108,16.169,10.678,0.6603995299647474,D2 mai rapid
10,2,Q109,3.163,3.127,0.9886184002529245,D2 mai rapid
10,2,Q111,1.885,6.516,3.456763925729443,D1 mai rapid
10,2,Q112,2.261,2.226,0.9845201238390092,D2 mai rapid
10,2,Q113,7.7,3.59,0.4662337662337662,D2 mai rapid
10,2,Q114,0.601,1.006,1.6738768718801997,D1 mai rapid
10,2,Q115,1.697,8.66,5.103123158515026,D1 mai rapid
10,2,Q116,10.04,2.315,0.2305776892430279,D2 mai rapid
10,2,Q117,1.235,2.064,1.6712550607287449,D1 mai rapid
10,2,Q118,0.891,1.921,2.1560044893378225,D1 mai rapid
10,2,Q120,0.285,1.193,4.185964912280702,D1 mai rapid
10,2,Q122,46.119,46.475,1.0077191613001149,D1 mai rapid
10,2,Q123,3.585,6.672,1.8610878661087866,D1 mai rapid
10,2,Q126,21.618,25.489,1.1790637431769821,D1 mai rapid
10,2,Q127,18.478,17.816,0.9641736118627555,D2 mai rapid
10,2,Q128,2.936,0.898,0.305858310626703,D2 mai rapid
10,2,Q129,1.543,2.111,1.3681140635126379,D1 mai rapid
10,2,Q130,1.484,1.15,0.774932614555256,D2 mai rapid
10,2,Q131,3.88,3.64,0.9381443298969073,D2 mai rapid
10,2,Q133,19.58,15.884,0.8112359550561798,D2 mai rapid
10,2,Q134,45.082,45.726,1.0142850805199415,D1 mai rapid
10,2,Q135,2.501,1.818,0.7269092363054779,D2 mai rapid
10,2,Q136,4.176,6.706,1.6058429118773947,D1 mai rapid
10,2,Q137,3.876,7.224,1.863777089783282,D1 mai rapid
10,2,Q138,1.25,1.176,0.9408,D2 mai rapid
10,2,Q139,1.213,1.203,0.9917559769167353,D2 mai rapid
10,2,Q140,1.161,1.151,0.9913867355727821,D2 mai rapid
10,2,Q141,1.724,1.143,0.6629930394431555,D2 mai rapid
10,2,Q142,2.713,1.068,0.39366015481017325,D2 mai rapid
10,2,Q143,1.143,0.718,0.6281714785651793,D2 mai rapid
10,2,Q144,1.749,1.487,0.8502001143510578,D2 mai rapid
10,2,Q145,1.462,1.465,1.0020519835841315,D1 mai rapid
10,2,Q146,0.871,0.92,1.0562571756601609,D1 mai rapid
10,2,Q147,0.85,0.904,1.0635294117647058,D1 mai rapid
10,2,Q148,2.984,2.985,1.0003351206434317,D1 mai rapid
10,2,Q149,2.624,2.526,0.9626524390243901,D2 mai rapid
10,2,Q150,1.53,1.179,0.7705882352941177,D2 mai rapid
10,2,Q151,3.645,24.695,6.775034293552812,D1 mai rapid
10,2,Q152,0.95,6.835,7.1947368421052635,D1 mai rapid
10,2,Q153,403.301,478.311,1.1859901165630633,D1 mai rapid
10,2,Q154,374.385,488.107,1.3037568278643643,D1 mai rapid
10,2,Q155,8.732,16.711,1.9137654603756298,D1 mai rapid
10,2,Q156,2.592,4.995,1.9270833333333333,D1 mai rapid
10,2,Q157,2.314,4.64,2.0051858254105444,D1 mai rapid
10,2,Q158,29.888,63.525,2.1254349571734474,D1 mai rapid
10,2,Q159,28.629,30.438,1.063187676831185,D1 mai rapid
10,2,Q161,3.573,7.583,2.1223061852784775,D1 mai rapid
10,2,Q162,3.823,14.005,3.6633533873921005,D1 mai rapid
10,2,Q163,1.739,0.814,0.4680851063829787,D2 mai rapid
10,2,Q164,4.501,4.58,1.017551655187736,D1 mai rapid
10,2,Q165,3.945,3.018,0.7650190114068441,D2 mai rapid
10,2,Q166,3.899,3.141,0.8055911772249295,D2 mai rapid
10,2,Q167,17.637,9.512,0.5393207461586438,D2 mai rapid
10,2,Q168,18.337,4.782,0.26078420679500464,D2 mai rapid
10,2,Q169,18.699,4.673,0.2499064121075993,D2 mai rapid
10,2,Q170,14.284,6.202,0.4341921030523663,D2 mai rapid
10,2,Q171,14.757,6.24,0.4228501727993495,D2 mai rapid
10,2,Q172,1.68,1.737,1.0339285714285715,D1 mai rapid
10,2,Q173,1.252,0.818,0.6533546325878594,D2 mai rapid
10,2,Q174,1.489,0.942,0.6326393552719946,D2 mai rapid
10,2,Q175,1.449,3.737,2.5790200138026225,D1 mai rapid
10,2,Q176,1.335,1.227,0.9191011235955057,D2 mai rapid
10,2,Q177,1.34,1.19,0.8880597014925372,D2 mai rapid
10,2,Q178,2.362,2.238,0.947502116850127,D2 mai rapid
10,2,Q179,2.664,2.505,0.9403153153153152,D2 mai rapid
10,2,Q180,2.729,2.197,0.8050567973616709,D2 mai rapid
10,2,Q181,1.865,2.105,1.128686327077748,D1 mai rapid
10,2,Q182,1.16,1.198,1.0327586206896553,D1 mai rapid
10,2,Q183,53.571,78.291,1.4614436915495324,D1 mai rapid
10,2,Q184,52.068,52.68,1.011753860336483,D1 mai rapid
10,2,Q185,1.68,1.102,0.6559523809523811,D2 mai rapid
10,2,Q186,5.341,15.459,2.894401797416214,D1 mai rapid
10,2,Q187,2.037,1.453,0.7133038782523319,D2 mai rapid
10,2,Q188,1.88,0.598,0.3180851063829787,D2 mai rapid
10,2,Q189,1.305,1.817,1.392337164750958,D1 mai rapid
10,2,Q190,0.93,1.707,1.835483870967742,D1 mai rapid
10,2,Q191,0.887,1.656,1.8669673055242388,D1 mai rapid
10,2,Q192,1.725,5.623,3.2597101449275363,D1 mai rapid
10,2,Q193,1.574,4.207,2.672808132147395,D1 mai rapid
10,2,Q194,1.119,1.007,0.8999106344950848,D2 mai rapid
10,2,Q195,1.052,0.968,0.9201520912547528,D2 mai rapid
10,2,Q196,1.101,1.225,1.1126248864668484,D1 mai rapid
10,2,Q199,0.351,0.874,2.4900284900284904,D1 mai rapid
10,2,Q200,1.363,2.187,1.6045487894350696,D1 mai rapid
10,2,Q201,0.819,0.677,0.8266178266178267,D2 mai rapid
10,2,Q202,0.755,0.705,0.9337748344370861,D2 mai rapid
10,2,Q203,2.442,2.159,0.884111384111384,D2 mai rapid
10,2,Q204,0.28,0.304,1.0857142857142856,D1 mai rapid
10,2,Q205,0.28,0.277,0.9892857142857143,D2 mai rapid
10,2,Q206,0.389,0.384,0.987146529562982,D2 mai rapid
10,2,Q207,0.346,0.392,1.1329479768786128,D1 mai rapid
10,2,Q212,14.682,5.239,0.3568314943468192,D2 mai rapid
10,2,Q213,17.52,10.618,0.6060502283105024,D2 mai rapid
10,2,Q214,18.909,10.867,0.5746998783648,D2 mai rapid
10,2,Q215,17.868,9.997,0.5594918289679875,D2 mai rapid
10,2,Q216,2.566,3.453,1.3456742010911926,D1 mai rapid
10,2,Q217,2.987,3.794,1.270170739872782,D1 mai rapid
10,2,Q218,2.839,4.269,1.5036984853821769,D1 mai rapid
10,2,Q219,12.626,6.839,0.5416600665293839,D2 mai rapid
10,2,Q220,20.728,13.768,0.6642223079891934,D2 mai rapid
10,2,Q221,21.303,12.87,0.6041402619349386,D2 mai rapid
10,2,Q222,24.46,13.377,0.5468928863450532,D2 mai rapid
10,2,Q223,2.183,2.728,1.2496564360971143,D1 mai rapid
10,2,Q224,2.146,3.145,1.4655172413793105,D1 mai rapid
10,2,Q225,6.281,4.651,0.7404871835694953,D2 mai rapid
10,2,Q226,6.038,3.806,0.6303411725736999,D2 mai rapid
10,2,Q227,8.779,6.38,0.7267342521927327,D2 mai rapid
10,2,Q228,9.128,5.831,0.6388036809815951,D2 mai rapid
10,2,Q229,6.475,2.153,0.33250965250965253,D2 mai rapid
10,2,Q230,2.376,1.638,0.6893939393939393,D2 mai rapid
10,2,Q231,2.247,1.613,0.7178460169114375,D2 mai rapid
10,2,Q232,2.276,1.622,0.7126537785588754,D2 mai rapid
10,2,Q234,41.468,17.904,0.43175460596122306,D2 mai rapid
10,2,Q236,3.427,5.03,1.467756054858477,D1 mai rapid
10,2,Q239,2.079,4.01,1.9288119288119285,D1 mai rapid
10,2,Q240,16.678,7.64,0.4580884998201223,D2 mai rapid
10,2,Q241,7.124,12.977,1.8215889949466593,D1 mai rapid
10,2,Q242,93.455,13.416,0.14355572200524316,D2 mai rapid
10,2,Q243,2.783,3.633,1.3054257994969458,D1 mai rapid
10,2,Q244,3.131,2.626,0.8387096774193549,D2 mai rapid
10,2,Q245,3.246,2.724,0.8391866913123845,D2 mai rapid
10,2,Q246,7.294,3.594,0.4927337537702221,D2 mai rapid
10,5,Q001,14.895,10.523,0.7064786841221886,D2 mai rapid
10,5,Q002,3.662,3.813,1.0412342981977063,D1 mai rapid
10,5,Q003,14.047,6.783,0.4828789065280843,D2 mai rapid
10,5,Q004,7.042,5.68,0.8065890372053394,D2 mai rapid
10,5,Q005,4.252,3.237,0.7612888052681092,D2 mai rapid
10,5,Q006,39.635,59.269,1.4953702535637694,D1 mai rapid
10,5,Q007,0.896,0.353,0.39397321428571425,D2 mai rapid
10,5,Q008,3.068,3.2,1.0430247718383312,D1 mai rapid
10,5,Q009,0.963,0.902,0.936656282450675,D2 mai rapid
10,5,Q010,1.067,1.887,1.7685098406747892,D1 mai rapid
10,5,Q011,4.802,2.512,0.5231153685964182,D2 mai rapid
10,5,Q012,5.438,2.384,0.4383964692901802,D2 mai rapid
10,5,Q014,0.47,0.611,1.3,D1 mai rapid
10,5,Q015,0.305,0.464,1.5213114754098362,D1 mai rapid
10,5,Q016,33.481,5.364,0.1602102685104985,D2 mai rapid
10,5,Q017,3.856,3.833,0.9940352697095437,D2 mai rapid
10,5,Q018,11.885,10.158,0.8546907867059318,D2 mai rapid
10,5,Q019,0.271,0.271,1,Egal
10,5,Q020,0.741,3.377,4.557354925775978,D1 mai rapid
10,5,Q021,2.849,3.159,1.1088101088101088,D1 mai rapid
10,5,Q022,3.122,3.145,1.0073670723894939,D1 mai rapid
10,5,Q023,11.652,16.434,1.4104016477857881,D1 mai rapid
10,5,Q025,43.69,4.193,0.09597161821927214,D2 mai rapid
10,5,Q026,6.855,2.308,0.336688548504741,D2 mai rapid
10,5,Q027,1.527,1.086,0.7111984282907663,D2 mai rapid
10,5,Q028,2551.418,1949.428,0.7640566931800278,D2 mai rapid
10,5,Q029,8.834,1.172,0.1326692325107539,D2 mai rapid
10,5,Q030,22.925,6.258,0.2729770992366412,D2 mai rapid
10,5,Q031,103.144,90.859,0.8808946715271851,D2 mai rapid
10,5,Q032,12.568,2.592,0.20623806492679822,D2 mai rapid
10,5,Q033,25.936,23.662,0.9123226403454657,D2 mai rapid
10,5,Q034,70.91,18.992,0.26783246368636304,D2 mai rapid
10,5,Q035,1.61,2.298,1.4273291925465839,D1 mai rapid
10,5,Q036,103.328,2.916,0.028220811396717248,D2 mai rapid
10,5,Q037,14.189,5.337,0.37613644372401156,D2 mai rapid
10,5,Q038,36.859,3.402,0.09229767492335657,D2 mai rapid
10,5,Q039,12.465,2.716,0.21789009225832331,D2 mai rapid
10,5,Q041,91.209,6.998,0.07672488460568584,D2 mai rapid
10,5,Q042,22.327,9.29,0.4160881443991579,D2 mai rapid
10,5,Q043,2.833,2.629,0.9279915284151076,D2 mai rapid
10,5,Q044,10.054,8.799,0.8751740600755917,D2 mai rapid
10,5,Q045,155.798,87.378,0.5608416025879664,D2 mai rapid
10,5,Q046,9.437,7.942,0.8415810109144856,D2 mai rapid
10,5,Q047,21.198,15.449,0.7287951693555995,D2 mai rapid
10,5,Q048,6.779,3.82,0.5635049417318189,D2 mai rapid
10,5,Q049,3.506,3.017,0.8605248146035368,D2 mai rapid
10,5,Q052,827.836,812.088,0.9809769084697935,D2 mai rapid
10,5,Q053,810.474,809.793,0.999159750960549,D2 mai rapid
10,5,Q054,11.493,5.167,0.44957800400243625,D2 mai rapid
10,5,Q056,5.745,10.32,1.7963446475195823,D1 mai rapid
10,5,Q057,27.518,26.652,0.9685296896576786,D2 mai rapid
10,5,Q058,31.521,30.636,0.9719234795850386,D2 mai rapid
10,5,Q059,30.79,29.498,0.9580383241312115,D2 mai rapid
10,5,Q060,49.879,51.232,1.0271256440586218,D1 mai rapid
10,5,Q062,2.982,2.462,0.8256203890006707,D2 mai rapid
10,5,Q063,2.791,0.817,0.2927266212826944,D2 mai rapid
10,5,Q066,44.073,3.091,0.0701336419122819,D2 mai rapid
10,5,Q067,4.148,30.732,7.4088717454194795,D1 mai rapid
10,5,Q070,15.583,3.4,0.21818648527241224,D2 mai rapid
10,5,Q071,3.115,3.077,0.9878009630818618,D2 mai rapid
10,5,Q072,4.526,1.638,0.36190897039328324,D2 mai rapid
10,5,Q073,3.319,3.451,1.0397710153660742,D1 mai rapid
10,5,Q074,1.509,2.061,1.3658051689860835,D1 mai rapid
10,5,Q075,26.232,24.858,0.9476212259835316,D2 mai rapid
10,5,Q076,13.071,7.005,0.535919210465917,D2 mai rapid
10,5,Q077,3.625,3.862,1.0653793103448277,D1 mai rapid
10,5,Q078,9.478,4.519,0.47678835197299013,D2 mai rapid
10,5,Q079,6.208,8.092,1.303479381443299,D1 mai rapid
10,5,Q080,0.279,0.207,0.7419354838709676,D2 mai rapid
10,5,Q081,0.323,0.414,1.2817337461300309,D1 mai rapid
10,5,Q082,3.575,1.756,0.4911888111888112,D2 mai rapid
10,5,Q083,1.395,0.964,0.6910394265232974,D2 mai rapid
10,5,Q084,0.5,0.354,0.708,D2 mai rapid
10,5,Q085,0.483,0.499,1.0331262939958592,D1 mai rapid
10,5,Q086,9.817,3.891,0.3963532647448304,D2 mai rapid
10,5,Q087,2.286,1.378,0.6027996500437445,D2 mai rapid
10,5,Q088,1.894,1.588,0.8384371700105597,D2 mai rapid
10,5,Q089,1.428,1.107,0.7752100840336135,D2 mai rapid
10,5,Q090,2.965,1.611,0.5433389544688028,D2 mai rapid
10,5,Q091,0.294,0.255,0.8673469387755103,D2 mai rapid
10,5,Q092,17.035,15.118,0.8874669797475785,D2 mai rapid
10,5,Q093,16.819,15.253,0.9068910161127297,D2 mai rapid
10,5,Q094,1.217,0.909,0.7469186524239934,D2 mai rapid
10,5,Q095,1.114,0.754,0.6768402154398563,D2 mai rapid
10,5,Q096,5.278,1.598,0.3027661993179235,D2 mai rapid
10,5,Q097,2.077,1.588,0.7645642753972076,D2 mai rapid
10,5,Q098,1.511,1.307,0.8649900727994706,D2 mai rapid
10,5,Q099,576.557,450.497,0.7813572638958507,D2 mai rapid
10,5,Q100,1.74,0.601,0.3454022988505747,D2 mai rapid
10,5,Q102,1.084,3.089,2.849630996309963,D1 mai rapid
10,5,Q104,5.108,4.654,0.9111198120595145,D2 mai rapid
10,5,Q105,7.442,9.993,1.3427841977962913,D1 mai rapid
10,5,Q106,10.241,9.953,0.9718777463138365,D2 mai rapid
10,5,Q107,14.465,9.385,0.6488074662979606,D2 mai rapid
10,5,Q108,16.609,10.168,0.6121982057920403,D2 mai rapid
10,5,Q109,2.976,3.304,1.1102150537634408,D1 mai rapid
10,5,Q111,1.843,7.407,4.018990775908844,D1 mai rapid
10,5,Q112,3.273,2.273,0.6944699052856707,D2 mai rapid
10,5,Q113,7.26,3.539,0.48746556473829206,D2 mai rapid
10,5,Q114,0.543,0.603,1.1104972375690607,D1 mai rapid
10,5,Q115,3.534,5.829,1.6494057724957556,D1 mai rapid
10,5,Q116,10.706,2.32,0.21670091537455632,D2 mai rapid
10,5,Q117,1.092,2.269,2.077838827838828,D1 mai rapid
10,5,Q118,0.908,1.985,2.186123348017621,D1 mai rapid
10,5,Q120,0.307,1.092,3.5570032573289905,D1 mai rapid
10,5,Q122,46.159,43.468,0.9417015099980504,D2 mai rapid
10,5,Q123,3.733,6.796,1.8205196892579696,D1 mai rapid
10,5,Q126,26.009,22.538,0.8665461955476951,D2 mai rapid
10,5,Q127,19.191,17.594,0.9167839091240687,D2 mai rapid
10,5,Q128,2.85,1.236,0.4336842105263158,D2 mai rapid
10,5,Q129,1.627,1.236,0.759680393362016,D2 mai rapid
10,5,Q130,1.512,1.143,0.7559523809523809,D2 mai rapid
10,5,Q131,3.918,4.112,1.04951505870342,D1 mai rapid
10,5,Q133,22.329,9.503,0.42559003985848,D2 mai rapid
10,5,Q134,46.093,27.217,0.5904801162866378,D2 mai rapid
10,5,Q135,1.808,1.01,0.5586283185840708,D2 mai rapid
10,5,Q136,4.414,7.211,1.6336656094245583,D1 mai rapid
10,5,Q137,3.959,7.033,1.7764587016923465,D1 mai rapid
10,5,Q138,1.251,1.37,1.0951239008792968,D1 mai rapid
10,5,Q139,1.361,1.288,0.9463629684055842,D2 mai rapid
10,5,Q140,1.417,1.421,1.0028228652081863,D1 mai rapid
10,5,Q141,1.699,1.364,0.8028251912889935,D2 mai rapid
10,5,Q142,1.135,1.956,1.7233480176211453,D1 mai rapid
10,5,Q143,0.965,0.958,0.9927461139896373,D2 mai rapid
10,5,Q144,1.409,1.523,1.0809084457061746,D1 mai rapid
10,5,Q145,1.379,1.438,1.0427846265409717,D1 mai rapid
10,5,Q146,0.853,1.108,1.2989449003517,D1 mai rapid
10,5,Q147,0.874,0.969,1.108695652173913,D1 mai rapid
10,5,Q148,3.223,2.722,0.8445547626434998,D2 mai rapid
10,5,Q149,2.678,2.456,0.9171023151605676,D2 mai rapid
10,5,Q150,1.192,1.332,1.1174496644295304,D1 mai rapid
10,5,Q151,1.066,24.34,22.833020637898684,D1 mai rapid
10,5,Q152,0.933,6.8,7.288317256162915,D1 mai rapid
10,5,Q153,1477.44,362.283,0.24520995776478233,D2 mai rapid
10,5,Q154,391.332,390.76,0.9985383255138859,D2 mai rapid
10,5,Q155,7.574,23.667,3.124768946395564,D1 mai rapid
10,5,Q156,2.605,4.994,1.9170825335892514,D1 mai rapid
10,5,Q157,2.288,4.788,2.092657342657343,D1 mai rapid
10,5,Q158,38.767,28.252,0.7287641550803517,D2 mai rapid
10,5,Q159,30.643,27.406,0.8943641288385601,D2 mai rapid
10,5,Q161,4.191,3.213,0.7666428060128848,D2 mai rapid
10,5,Q162,10.766,2.692,0.25004644250417984,D2 mai rapid
10,5,Q163,1.578,0.795,0.5038022813688213,D2 mai rapid
10,5,Q164,4.304,3.602,0.836895910780669,D2 mai rapid
10,5,Q165,4.154,3.06,0.7366393837265287,D2 mai rapid
10,5,Q166,4.215,3.04,0.7212336892052195,D2 mai rapid
10,5,Q167,19.332,4.779,0.2472067039106145,D2 mai rapid
10,5,Q168,17.727,4.632,0.26129632763580973,D2 mai rapid
10,5,Q169,18.351,4.585,0.2498501444062994,D2 mai rapid
10,5,Q170,14.631,6.144,0.41993028501127744,D2 mai rapid
10,5,Q171,14.951,6.157,0.41181191893518826,D2 mai rapid
10,5,Q172,1.374,0.862,0.6273653566229985,D2 mai rapid
10,5,Q173,1.238,0.822,0.6639741518578351,D2 mai rapid
10,5,Q174,1.452,0.838,0.5771349862258953,D2 mai rapid
10,5,Q175,1.621,1.507,0.9296730413325107,D2 mai rapid
10,5,Q176,1.483,1.276,0.8604180714767363,D2 mai rapid
10,5,Q177,1.346,1.299,0.9650817236255571,D2 mai rapid
10,5,Q178,2.42,2.316,0.9570247933884297,D2 mai rapid
10,5,Q179,2.713,2.249,0.828971618134906,D2 mai rapid
10,5,Q180,2.731,2.328,0.8524350054924936,D2 mai rapid
10,5,Q181,1.858,2.229,1.1996770721205596,D1 mai rapid
10,5,Q182,1.21,1.134,0.937190082644628,D2 mai rapid
10,5,Q183,67.757,50.013,0.7381229983617928,D2 mai rapid
10,5,Q184,55.453,48.996,0.8835590500063116,D2 mai rapid
10,5,Q185,7.134,1.332,0.18671152228763668,D2 mai rapid
10,5,Q186,9.097,7.584,0.8336814334395954,D2 mai rapid
10,5,Q187,2.537,1.357,0.5348837209302326,D2 mai rapid
10,5,Q188,3.701,0.456,0.12320994325857876,D2 mai rapid
10,5,Q189,1.405,1.833,1.304626334519573,D1 mai rapid
10,5,Q190,0.948,1.749,1.8449367088607598,D1 mai rapid
10,5,Q191,0.946,1.637,1.7304439746300213,D1 mai rapid
10,5,Q192,2.115,4.944,2.3375886524822693,D1 mai rapid
10,5,Q193,1.743,4.416,2.5335628227194493,D1 mai rapid
10,5,Q194,3.664,0.964,0.2631004366812227,D2 mai rapid
10,5,Q195,1.191,0.904,0.7590260285474391,D2 mai rapid
10,5,Q196,1.182,0.916,0.7749576988155669,D2 mai rapid
10,5,Q199,3.962,0.465,0.11736496718828875,D2 mai rapid
10,5,Q200,2.37,1.479,0.6240506329113924,D2 mai rapid
10,5,Q201,0.747,0.651,0.8714859437751005,D2 mai rapid
10,5,Q202,0.701,0.658,0.9386590584878746,D2 mai rapid
10,5,Q203,2.736,2.448,0.894736842105263,D2 mai rapid
10,5,Q204,0.303,0.33,1.0891089108910892,D1 mai rapid
10,5,Q205,0.264,0.274,1.0378787878787878,D1 mai rapid
10,5,Q206,1.021,0.41,0.4015670910871695,D2 mai rapid
10,5,Q207,0.379,0.415,1.0949868073878628,D1 mai rapid
10,5,Q212,13.763,5.561,0.4040543486158541,D2 mai rapid
10,5,Q213,17.901,10.514,0.5873414893022736,D2 mai rapid
10,5,Q214,19.895,10.735,0.5395828097511938,D2 mai rapid
10,5,Q215,20.569,10.687,0.5195682823666683,D2 mai rapid
10,5,Q216,2.559,3.648,1.4255568581477138,D1 mai rapid
10,5,Q217,3.643,4.156,1.140818007136975,D1 mai rapid
10,5,Q218,3.338,4.195,1.2567405632115038,D1 mai rapid
10,5,Q219,12.968,7.252,0.5592227020357804,D2 mai rapid
10,5,Q220,22.658,13.485,0.5951540294818607,D2 mai rapid
10,5,Q221,22.835,13.57,0.5942631924677031,D2 mai rapid
10,5,Q222,25.17,13.317,0.5290822407628128,D2 mai rapid
10,5,Q223,1.897,2.952,1.5561412756984712,D1 mai rapid
10,5,Q224,2.332,3.075,1.3186106346483706,D1 mai rapid
10,5,Q225,6.3,3.968,0.6298412698412699,D2 mai rapid
10,5,Q226,6.352,3.908,0.6152392947103275,D2 mai rapid
10,5,Q227,8.972,6.217,0.6929335711101203,D2 mai rapid
10,5,Q228,9.642,6.049,0.6273594689898362,D2 mai rapid
10,5,Q229,6.505,2.159,0.33189853958493465,D2 mai rapid
10,5,Q230,2.679,1.973,0.7364688316536022,D2 mai rapid
10,5,Q231,2.278,1.671,0.7335381913959613,D2 mai rapid
10,5,Q232,2.306,1.656,0.7181266261925412,D2 mai rapid
10,5,Q234,49.942,15.234,0.3050338392535341,D2 mai rapid
10,5,Q236,3.361,6.021,1.791431121689973,D1 mai rapid
10,5,Q239,1.854,1.572,0.8478964401294499,D2 mai rapid
10,5,Q240,16.471,7.587,0.4606277700200352,D2 mai rapid
10,5,Q241,7.705,12.95,1.680726800778715,D1 mai rapid
10,5,Q242,104.314,13.816,0.13244626799854287,D2 mai rapid
10,5,Q243,2.682,8.674,3.234153616703952,D1 mai rapid
10,5,Q244,2.925,2.503,0.8557264957264958,D2 mai rapid
10,5,Q245,3.162,2.72,0.860215053763441,D2 mai rapid
10,5,Q246,7.434,3.357,0.4515738498789346,D2 mai rapid
50,2,Q001,24.039,12.042,0.5009359790340696,D2 mai rapid
50,2,Q002,11.571,21.087,1.8224008296603578,D1 mai rapid
50,2,Q003,72.47,43.483,0.600013798813302,D2 mai rapid
50,2,Q004,25.872,39.263,1.51758658008658,D1 mai rapid
50,2,Q005,54.805,35.74,0.652130280083934,D2 mai rapid
50,2,Q006,20.963,54.663,2.6075943328722033,D1 mai rapid
50,2,Q007,1.594,0.941,0.5903387703889585,D2 mai rapid
50,2,Q008,20.608,25.426,1.2337927018633539,D1 mai rapid
50,2,Q009,4.037,5.627,1.3938568243745355,D1 mai rapid
50,2,Q010,2.026,3.644,1.798617966436328,D1 mai rapid
50,2,Q011,21.466,10.903,0.5079195006056089,D2 mai rapid
50,2,Q012,24.03,17.459,0.7265501456512692,D2 mai rapid
50,2,Q014,1.583,1.575,0.9949463044851548,D2 mai rapid
50,2,Q015,0.856,0.892,1.0420560747663552,D1 mai rapid
50,2,Q016,220.979,104.55,0.4731218803596721,D2 mai rapid
50,2,Q017,23.415,23.272,0.9938928037582746,D2 mai rapid
50,2,Q018,41.112,37.992,0.9241097489784004,D2 mai rapid
50,2,Q019,57.124,0.278,0.004866605979973391,D2 mai rapid
50,2,Q020,2.856,4.538,1.588935574229692,D1 mai rapid
50,2,Q021,15.117,23.366,1.5456770523251966,D1 mai rapid
50,2,Q022,13.995,15.794,1.1285459092533048,D1 mai rapid
50,2,Q023,15.374,36.548,2.3772603096136335,D1 mai rapid
50,2,Q025,346.354,26.737,0.0771955860189286,D2 mai rapid
50,2,Q026,23.343,10.444,0.4474146425052479,D2 mai rapid
50,2,Q027,7.449,6.267,0.8413209826822393,D2 mai rapid
50,2,Q029,119.995,11.554,0.09628734530605441,D2 mai rapid
50,2,Q030,87.614,38.501,0.43943890245851114,D2 mai rapid
50,2,Q031,511.148,726.418,1.4211500387363347,D1 mai rapid
50,2,Q032,87.011,90.956,1.045339095056947,D1 mai rapid
50,2,Q033,12.808,35.053,2.7368051217988754,D1 mai rapid
50,2,Q034,117.638,137.186,1.1661707951512266,D1 mai rapid
50,2,Q035,14.938,16.005,1.0714285714285714,D1 mai rapid
50,2,Q036,505.428,26.69,0.052806730137625935,D2 mai rapid
50,2,Q037,205.46,143.994,0.70083714591648,D2 mai rapid
50,2,Q038,80.361,22.718,0.28269931932156145,D2 mai rapid
50,2,Q039,35.94,15.027,0.4181135225375626,D2 mai rapid
50,2,Q041,100.571,88.94,0.8843503594475545,D2 mai rapid
50,2,Q042,33.312,25.406,0.7626681075888568,D2 mai rapid
50,2,Q043,15.418,17.125,1.1107147489946816,D1 mai rapid
50,2,Q044,94.891,89.677,0.9450527447281618,D2 mai rapid
50,2,Q045,2174.796,1373.739,0.6316633836001171,D2 mai rapid
50,2,Q046,72.518,42.042,0.579745718304421,D2 mai rapid
50,2,Q047,115.822,80.394,0.6941168344528673,D2 mai rapid
50,2,Q048,71.459,29.196,0.4085699492016401,D2 mai rapid
50,2,Q049,22.688,18.978,0.8364774330042314,D2 mai rapid
50,2,Q056,28.38,30.88,1.0880902043692742,D1 mai rapid
50,2,Q057,145.661,126.325,0.8672534171809887,D2 mai rapid
50,2,Q058,152.937,160.45,1.049124803023467,D1 mai rapid
50,2,Q059,149.871,148.524,0.9910122705526753,D2 mai rapid
50,2,Q060,239.254,245.461,1.0259431399266052,D1 mai rapid
50,2,Q062,28.404,93.033,3.2753485424588087,D1 mai rapid
50,2,Q063,28.904,15.587,0.5392679213949626,D2 mai rapid
50,2,Q066,279.28,21.771,0.07795402463477515,D2 mai rapid
50,2,Q067,102.143,381.401,3.733990581831354,D1 mai rapid
50,2,Q070,97.192,25.503,0.2623981397645897,D2 mai rapid
50,2,Q071,10.395,18.775,1.806156806156806,D1 mai rapid
50,2,Q072,18.048,10.425,0.5776263297872342,D2 mai rapid
50,2,Q073,18.818,17.907,0.9515889042406206,D2 mai rapid
50,2,Q074,8.095,8.384,1.0357010500308832,D1 mai rapid
50,2,Q075,160.799,133.155,0.8280835079820148,D2 mai rapid
50,2,Q076,66.718,34.075,0.5107317365628466,D2 mai rapid
50,2,Q077,12.155,21.363,1.7575483340189224,D1 mai rapid
50,2,Q078,44.809,21.327,0.47595349148608546,D2 mai rapid
50,2,Q079,18.862,34.486,1.8283320962782315,D1 mai rapid
50,2,Q080,15.044,12.283,0.8164716830630151,D2 mai rapid
50,2,Q081,2.898,1.448,0.4996549344375431,D2 mai rapid
50,2,Q082,17.929,7.753,0.4324279100897987,D2 mai rapid
50,2,Q083,7.074,5.302,0.7495052304212609,D2 mai rapid
50,2,Q084,3.001,2.027,0.6754415194935023,D2 mai rapid
50,2,Q085,12.657,15.037,1.188038239709252,D1 mai rapid
50,2,Q086,35.799,20.24,0.5653789211989161,D2 mai rapid
50,2,Q087,16.468,7.373,0.4477167840660675,D2 mai rapid
50,2,Q088,16.263,7.764,0.4774026932300313,D2 mai rapid
50,2,Q089,10.86,6.846,0.6303867403314918,D2 mai rapid
50,2,Q090,16.318,7.307,0.44778771908322096,D2 mai rapid
50,2,Q091,5.965,5.454,0.9143336127409891,D2 mai rapid
50,2,Q092,133.843,89.617,0.6695680760293778,D2 mai rapid
50,2,Q093,126.94,83.098,0.6546242319205924,D2 mai rapid
50,2,Q094,6.137,11.886,1.9367769268372168,D1 mai rapid
50,2,Q095,4.912,3.447,0.7017508143322476,D2 mai rapid
50,2,Q096,29.631,7.763,0.26198913300259863,D2 mai rapid
50,2,Q097,11.333,10.749,0.948469072619783,D2 mai rapid
50,2,Q098,8.865,8.417,0.9494641849971799,D2 mai rapid
50,2,Q100,16.785,8.083,0.48156091748585045,D2 mai rapid
50,2,Q102,36.442,4.672,0.12820372098128532,D2 mai rapid
50,2,Q104,104.999,39.93,0.38028933608891513,D2 mai rapid
50,2,Q105,58.546,21.986,0.3755337683189287,D2 mai rapid
50,2,Q106,60.509,51.894,0.8576244856137103,D2 mai rapid
50,2,Q107,81.939,54.137,0.6606988125312733,D2 mai rapid
50,2,Q108,91.11,56.734,0.6226978377785095,D2 mai rapid
50,2,Q109,12.161,17.028,1.4002137982073841,D1 mai rapid
50,2,Q111,10.383,11.058,1.0650101126841953,D1 mai rapid
50,2,Q112,19.548,17.467,0.8935440965827707,D2 mai rapid
50,2,Q113,35.302,14.929,0.42289388703189623,D2 mai rapid
50,2,Q114,4.807,2.589,0.538589556896193,D2 mai rapid
50,2,Q115,8.587,7.322,0.8526842902061256,D2 mai rapid
50,2,Q116,72.649,17.767,0.24455945711572077,D2 mai rapid
50,2,Q117,5.568,5.638,1.01257183908046,D1 mai rapid
50,2,Q118,4.495,5.63,1.2525027808676306,D1 mai rapid
50,2,Q120,1.047,2.362,2.255969436485196,D1 mai rapid
50,2,Q122,290.059,230.254,0.7938178094801401,D2 mai rapid
50,2,Q123,137.234,27.597,0.20109448095952898,D2 mai rapid
50,2,Q126,111.652,99.637,0.8923888510729767,D2 mai rapid
50,2,Q127,152.673,88.027,0.5765721509369699,D2 mai rapid
50,2,Q128,6.541,11.262,1.7217550833205932,D1 mai rapid
50,2,Q129,12.976,8.303,0.6398736128236745,D2 mai rapid
50,2,Q130,10.418,5.282,0.5070071030908044,D2 mai rapid
50,2,Q131,19.67,18.351,0.9329435688866292,D2 mai rapid
50,2,Q133,58.617,58.401,0.9963150621833258,D2 mai rapid
50,2,Q134,192.048,201.462,1.0490189952511872,D1 mai rapid
50,2,Q135,3.531,3.387,0.9592183517417162,D2 mai rapid
50,2,Q136,85.863,63.852,0.7436497676531219,D2 mai rapid
50,2,Q137,14.68,25.154,1.7134877384196185,D1 mai rapid
50,2,Q138,9.385,10.953,1.1670751198721363,D1 mai rapid
50,2,Q139,7.464,9.207,1.2335209003215435,D1 mai rapid
50,2,Q140,7.974,8.314,1.0426385753699523,D1 mai rapid
50,2,Q141,3.77,3.398,0.9013262599469496,D2 mai rapid
50,2,Q142,1.127,1.723,1.528837622005324,D1 mai rapid
50,2,Q143,3.054,5.112,1.6738703339882124,D1 mai rapid
50,2,Q144,13.199,10.666,0.8080915220850065,D2 mai rapid
50,2,Q145,5.619,4.552,0.8101085602420359,D2 mai rapid
50,2,Q146,1.962,4.013,2.045361875637105,D1 mai rapid
50,2,Q147,1.772,4.242,2.393905191873589,D1 mai rapid
50,2,Q148,13.458,13.522,1.0047555357408233,D1 mai rapid
50,2,Q149,13.266,12.512,0.9431629730137193,D2 mai rapid
50,2,Q150,6.957,6.895,0.9910881126922524,D2 mai rapid
50,2,Q151,16.412,31.683,1.9304776992444554,D1 mai rapid
50,2,Q152,5.403,19.333,3.57819729779752,D1 mai rapid
50,2,Q153,153.462,170.725,1.1124903885000847,D1 mai rapid
50,2,Q154,145.444,154.585,1.0628489315475373,D1 mai rapid
50,2,Q155,2.13,3.086,1.4488262910798122,D1 mai rapid
50,2,Q156,1.188,2.785,2.3442760942760943,D1 mai rapid
50,2,Q157,1.091,2.414,2.2126489459211736,D1 mai rapid
50,2,Q158,132.988,173.75,1.30650885794207,D1 mai rapid
50,2,Q159,139.709,172.261,1.2329985899262037,D1 mai rapid
50,2,Q161,11.122,20.121,1.8091170652760293,D1 mai rapid
50,2,Q162,25.539,66.719,2.6124358823759737,D1 mai rapid
50,2,Q163,6.849,2.898,0.4231274638633377,D2 mai rapid
50,2,Q164,22.039,16.859,0.7649621126185399,D2 mai rapid
50,2,Q165,21.666,16.758,0.7734699529216283,D2 mai rapid
50,2,Q166,22.127,15.839,0.7158222985492837,D2 mai rapid
50,2,Q167,109.224,36.975,0.33852450010986596,D2 mai rapid
50,2,Q168,109.741,26.484,0.24133186320518313,D2 mai rapid
50,2,Q169,113.022,28.542,0.25253490470881773,D2 mai rapid
50,2,Q170,85.04,39.849,0.46859125117591716,D2 mai rapid
50,2,Q171,93.509,35.93,0.38424108909302845,D2 mai rapid
50,2,Q172,7.936,4.702,0.5924899193548387,D2 mai rapid
50,2,Q173,6.666,3.574,0.536153615361536,D2 mai rapid
50,2,Q174,7.313,3.521,0.4814713523861616,D2 mai rapid
50,2,Q175,5.005,9.758,1.9496503496503494,D1 mai rapid
50,2,Q176,4.85,5.778,1.191340206185567,D1 mai rapid
50,2,Q177,5.159,5.839,1.1318084900174454,D1 mai rapid
50,2,Q178,8.569,10.316,1.2038744310888085,D1 mai rapid
50,2,Q179,10.9,8.843,0.8112844036697248,D2 mai rapid
50,2,Q180,11.273,8.772,0.7781424642952187,D2 mai rapid
50,2,Q181,6.126,12.253,2.0001632386549133,D1 mai rapid
50,2,Q182,8.847,8.022,0.906748050186504,D2 mai rapid
50,2,Q183,436.431,369.127,0.8457854735341899,D2 mai rapid
50,2,Q184,475.8,519.329,1.0914859184531314,D1 mai rapid
50,2,Q185,5.228,142.054,27.17176740627391,D1 mai rapid
50,2,Q186,15.442,28.239,1.82871389716358,D1 mai rapid
50,2,Q187,24.907,11.719,0.4705102983097121,D2 mai rapid
50,2,Q188,2.91,40.861,14.041580756013744,D1 mai rapid
50,2,Q189,0.795,4.541,5.7119496855345915,D1 mai rapid
50,2,Q190,0.452,0.759,1.6792035398230087,D1 mai rapid
50,2,Q191,0.438,0.736,1.6803652968036529,D1 mai rapid
50,2,Q192,9.177,17.406,1.8966982674076496,D1 mai rapid
50,2,Q193,6.774,12.753,1.8826395039858281,D1 mai rapid
50,2,Q194,6.609,13.426,2.031472234831291,D1 mai rapid
50,2,Q195,5.225,4.376,0.8375119617224882,D2 mai rapid
50,2,Q196,4.89,4.332,0.8858895705521472,D2 mai rapid
50,2,Q199,1.618,13.294,8.216316440049443,D1 mai rapid
50,2,Q200,4.27,5.995,1.4039812646370025,D1 mai rapid
50,2,Q201,3.145,2.607,0.8289348171701113,D2 mai rapid
50,2,Q202,3.106,2.624,0.8448164842240825,D2 mai rapid
50,2,Q203,13.477,13.283,0.9856051049936929,D2 mai rapid
50,2,Q204,1.444,1.913,1.3247922437673132,D1 mai rapid
50,2,Q205,0.863,0.992,1.149478563151796,D1 mai rapid
50,2,Q206,1.605,1.729,1.0772585669781931,D1 mai rapid
50,2,Q207,1.188,1.121,0.9436026936026937,D2 mai rapid
50,2,Q212,64.339,36.004,0.5595983773450007,D2 mai rapid
50,2,Q213,66.614,46.754,0.7018644729336175,D2 mai rapid
50,2,Q214,65.446,46.9,0.7166213366745103,D2 mai rapid
50,2,Q215,65.856,46.147,0.7007258260447037,D2 mai rapid
50,2,Q216,4.691,13.038,2.7793647409933917,D1 mai rapid
50,2,Q217,6.696,16.37,2.4447431302270015,D1 mai rapid
50,2,Q218,6.044,15.133,2.5038054268696226,D1 mai rapid
50,2,Q219,57.655,39.367,0.6828028791952129,D2 mai rapid
50,2,Q220,85.756,62.875,0.7331848500396474,D2 mai rapid
50,2,Q221,85.513,64.18,0.7505291593091109,D2 mai rapid
50,2,Q222,91.671,63.49,0.6925854414154967,D2 mai rapid
50,2,Q223,1.024,2.721,2.6572265625,D1 mai rapid
50,2,Q224,0.876,1.38,1.5753424657534245,D1 mai rapid
50,2,Q225,44.065,23.61,0.5357993872688075,D2 mai rapid
50,2,Q226,41.82,20.502,0.4902439024390244,D2 mai rapid
50,2,Q227,62.472,34.548,0.5530157510564733,D2 mai rapid
50,2,Q228,60.978,33.952,0.5567909737938272,D2 mai rapid
50,2,Q229,35.688,11.566,0.3240865276843757,D2 mai rapid
50,2,Q230,10.172,8.812,0.8662996460872984,D2 mai rapid
50,2,Q231,9.409,8.153,0.866510787543841,D2 mai rapid
50,2,Q232,8.97,7.809,0.8705685618729097,D2 mai rapid
50,2,Q234,235.824,109.412,0.46395617070357553,D2 mai rapid
50,2,Q236,21.205,20.43,0.9634520160339544,D2 mai rapid
50,2,Q239,17.348,11.848,0.6829605718238414,D2 mai rapid
50,2,Q240,86.287,33.998,0.3940106852712459,D2 mai rapid
50,2,Q241,18.939,36.928,1.9498389566502983,D1 mai rapid
50,2,Q242,1654.188,138.077,0.0834711653089008,D2 mai rapid
50,2,Q243,40.349,13.363,0.3311854073211232,D2 mai rapid
50,2,Q244,18.343,14.314,0.7803521779425394,D2 mai rapid
50,2,Q245,18.968,14.791,0.7797870097005483,D2 mai rapid
50,2,Q246,41.942,13.76,0.3280720995660674,D2 mai rapid
50,5,Q001,127.835,42.114,0.3294402941291509,D2 mai rapid
50,5,Q002,9.894,15.765,1.593389933292905,D1 mai rapid
50,5,Q003,72.294,27.808,0.38465156167870085,D2 mai rapid
50,5,Q004,27.112,17.466,0.6442165830628505,D2 mai rapid
50,5,Q005,23.456,20.565,0.8767479536152798,D2 mai rapid
50,5,Q006,5.859,28.541,4.871309097115549,D1 mai rapid
50,5,Q007,1.019,0.964,0.9460255152109912,D2 mai rapid
50,5,Q008,17.507,2.462,0.140629462500714,D2 mai rapid
50,5,Q009,4.105,3.946,0.961266747868453,D2 mai rapid
50,5,Q010,1.939,2.955,1.523981433728726,D1 mai rapid
50,5,Q011,21.329,9.758,0.4574991795208401,D2 mai rapid
50,5,Q012,23.284,11.206,0.48127469506957565,D2 mai rapid
50,5,Q014,1.692,1.478,0.8735224586288416,D2 mai rapid
50,5,Q015,0.929,0.83,0.8934337997847147,D2 mai rapid
50,5,Q016,187.915,36.964,0.19670595748077588,D2 mai rapid
50,5,Q017,22.758,21.467,0.9432726953159328,D2 mai rapid
50,5,Q018,35.329,32.801,0.9284440544595092,D2 mai rapid
50,5,Q019,4.662,0.292,0.06263406263406263,D2 mai rapid
50,5,Q020,1.921,5.027,2.616866215512754,D1 mai rapid
50,5,Q021,15.928,16.351,1.026557006529382,D1 mai rapid
50,5,Q022,14.556,15.787,1.0845699367958233,D1 mai rapid
50,5,Q023,15.168,32.668,2.1537447257383966,D1 mai rapid
50,5,Q025,192.765,24.346,0.12629886130781004,D2 mai rapid
50,5,Q026,27.556,10.295,0.37360284511540137,D2 mai rapid
50,5,Q027,7.006,6.144,0.876962603482729,D2 mai rapid
50,5,Q029,62.44,6.018,0.09638052530429211,D2 mai rapid
50,5,Q030,50.611,29.635,0.5855446444448836,D2 mai rapid
50,5,Q031,454.071,451.029,0.9933006071737679,D2 mai rapid
50,5,Q032,26.386,25.316,0.9594481922231486,D2 mai rapid
50,5,Q033,6.32,18.43,2.916139240506329,D1 mai rapid
50,5,Q034,45.76,47.949,1.0478365384615385,D1 mai rapid
50,5,Q035,12.989,10.743,0.82708445607822,D2 mai rapid
50,5,Q036,369.691,16.805,0.04545688155784155,D2 mai rapid
50,5,Q037,103.21,34.139,0.33077221199496176,D2 mai rapid
50,5,Q038,47.908,12.363,0.25805710945979793,D2 mai rapid
50,5,Q039,26.864,14.641,0.5450044669446099,D2 mai rapid
50,5,Q041,85.863,38.422,0.447480288366351,D2 mai rapid
50,5,Q042,37.755,20.661,0.547238776321017,D2 mai rapid
50,5,Q043,18.678,11.988,0.6418246064889174,D2 mai rapid
50,5,Q044,95.32,85.022,0.8919639110365087,D2 mai rapid
50,5,Q045,1018.433,825.974,0.8110243874658422,D2 mai rapid
50,5,Q046,165.946,40.369,0.24326588167235125,D2 mai rapid
50,5,Q047,142.914,78.587,0.5498901437227984,D2 mai rapid
50,5,Q048,24.09,22.161,0.9199252801992529,D2 mai rapid
50,5,Q049,22.534,21.308,0.9455933256412532,D2 mai rapid
50,5,Q056,67.315,30.021,0.44597786526034316,D2 mai rapid
50,5,Q057,131.955,125.566,0.9515819787048614,D2 mai rapid
50,5,Q058,185.846,154.088,0.8291165803945202,D2 mai rapid
50,5,Q059,211.217,154.141,0.7297755389007513,D2 mai rapid
50,5,Q060,243.825,250.199,1.0261416999897468,D1 mai rapid
50,5,Q062,50.169,18.367,0.3661025733022385,D2 mai rapid
50,5,Q063,42.936,4.646,0.10820756474753121,D2 mai rapid
50,5,Q066,113.387,22.804,0.20111653011368144,D2 mai rapid
50,5,Q067,33.853,184.861,5.460697722506129,D1 mai rapid
50,5,Q070,42.01,18.793,0.447345870030945,D2 mai rapid
50,5,Q071,9.566,15.858,1.6577461844030943,D1 mai rapid
50,5,Q072,7.219,7.139,0.9889181327053609,D2 mai rapid
50,5,Q073,17.619,17.471,0.9915999772972359,D2 mai rapid
50,5,Q074,7.785,8.398,1.0787411689145792,D1 mai rapid
50,5,Q075,132.339,124.326,0.9394509555006461,D2 mai rapid
50,5,Q076,64.944,31.61,0.48672702636117265,D2 mai rapid
50,5,Q077,11.082,20.777,1.874842086266017,D1 mai rapid
50,5,Q078,43.797,21.014,0.47980455282325274,D2 mai rapid
50,5,Q079,17.507,32.659,1.8654823784771803,D1 mai rapid
50,5,Q080,1.497,2.135,1.4261857047428188,D1 mai rapid
50,5,Q081,0.504,0.494,0.9801587301587301,D2 mai rapid
50,5,Q082,17.889,6.896,0.3854882888926156,D2 mai rapid
50,5,Q083,7.264,5.087,0.7003028634361232,D2 mai rapid
50,5,Q084,2.629,1.916,0.7287942183339673,D2 mai rapid
50,5,Q085,2.806,3.713,1.3232359230220956,D1 mai rapid
50,5,Q086,33.846,17.713,0.5233410151864327,D2 mai rapid
50,5,Q087,23.537,6.906,0.2934103751540128,D2 mai rapid
50,5,Q088,16.641,8.198,0.49263866354185454,D2 mai rapid
50,5,Q089,11.956,6.721,0.5621445299431248,D2 mai rapid
50,5,Q090,14.704,7.874,0.5355005440696409,D2 mai rapid
50,5,Q091,1.027,1.011,0.9844206426484907,D2 mai rapid
50,5,Q092,142.054,83.281,0.5862629704196995,D2 mai rapid
50,5,Q093,132.523,82.312,0.6211148253510711,D2 mai rapid
50,5,Q094,6.148,4.475,0.727878985035784,D2 mai rapid
50,5,Q095,4.925,3.245,0.6588832487309645,D2 mai rapid
50,5,Q096,28.845,8.072,0.2798405269544115,D2 mai rapid
50,5,Q097,11.044,10.313,0.9338102136906918,D2 mai rapid
50,5,Q098,8.688,8.291,0.954304788213628,D2 mai rapid
50,5,Q100,14.365,2.187,0.15224504002784545,D2 mai rapid
50,5,Q102,36.208,4.674,0.12908749447635884,D2 mai rapid
50,5,Q104,107.764,47.558,0.44131620949482203,D2 mai rapid
50,5,Q105,33.147,21.442,0.6468760370470933,D2 mai rapid
50,5,Q106,53.003,50.893,0.9601909325887215,D2 mai rapid
50,5,Q107,82.609,53.486,0.6474597198852425,D2 mai rapid
50,5,Q108,84.424,55.974,0.6630105183360181,D2 mai rapid
50,5,Q109,8.847,17.477,1.9754719113823898,D1 mai rapid
50,5,Q111,10.421,11.473,1.100950004798004,D1 mai rapid
50,5,Q112,16.526,17.795,1.0767880914921943,D1 mai rapid
50,5,Q113,29.574,15.505,0.5242780820991412,D2 mai rapid
50,5,Q114,2.453,2.918,1.1895637994292705,D1 mai rapid
50,5,Q115,5.374,8.651,1.6097878675102346,D1 mai rapid
50,5,Q116,56.138,20.204,0.35989882076311946,D2 mai rapid
50,5,Q117,5.01,6.348,1.267065868263473,D1 mai rapid
50,5,Q118,4.795,5.781,1.20563086548488,D1 mai rapid
50,5,Q120,1.065,2.346,2.202816901408451,D1 mai rapid
50,5,Q122,245.019,229.99,0.9386618996894118,D2 mai rapid
50,5,Q123,25.123,24.531,0.9764359351988217,D2 mai rapid
50,5,Q126,110.359,102.822,0.9317047091764152,D2 mai rapid
50,5,Q127,102.484,89.192,0.8703017056320986,D2 mai rapid
50,5,Q128,9.283,12.138,1.3075514381126792,D1 mai rapid
50,5,Q129,13.802,8.036,0.5822344587740907,D2 mai rapid
50,5,Q130,9.605,5.027,0.5233732431025507,D2 mai rapid
50,5,Q131,20.395,18.694,0.9165972051973522,D2 mai rapid
50,5,Q133,75.59,45.807,0.6059928561979098,D2 mai rapid
50,5,Q134,145.68,103.661,0.7115664470071389,D2 mai rapid
50,5,Q135,1.768,1.513,0.8557692307692307,D2 mai rapid
50,5,Q136,29.436,24.495,0.8321443130860171,D2 mai rapid
50,5,Q137,13.636,24.596,1.8037547667937812,D1 mai rapid
50,5,Q138,8.623,7.158,0.8301055317174998,D2 mai rapid
50,5,Q139,8.403,7.465,0.888373200047602,D2 mai rapid
50,5,Q140,7.716,7.245,0.9389580093312597,D2 mai rapid
50,5,Q141,4.538,3.172,0.6989863375936536,D2 mai rapid
50,5,Q142,0.487,0.436,0.8952772073921972,D2 mai rapid
50,5,Q143,2.307,2.28,0.988296488946684,D2 mai rapid
50,5,Q144,7.328,5.071,0.6920032751091703,D2 mai rapid
50,5,Q145,6.383,4.467,0.6998276672411091,D2 mai rapid
50,5,Q146,1.876,3.882,2.0692963752665245,D1 mai rapid
50,5,Q147,1.79,3.767,2.1044692737430166,D1 mai rapid
50,5,Q148,19.363,11.782,0.608480090895006,D2 mai rapid
50,5,Q149,14.88,11.666,0.784005376344086,D2 mai rapid
50,5,Q150,7.563,6.14,0.811847150601613,D2 mai rapid
50,5,Q151,7.79,20.61,2.645699614890886,D1 mai rapid
50,5,Q152,5.47,18.315,3.3482632541133457,D1 mai rapid
50,5,Q153,148.699,148.559,0.9990585007296618,D2 mai rapid
50,5,Q154,147.746,144.738,0.9796407347745454,D2 mai rapid
50,5,Q155,2.23,3.386,1.5183856502242152,D1 mai rapid
50,5,Q156,1.269,2.419,1.906225374310481,D1 mai rapid
50,5,Q157,1.1,2.391,2.1736363636363634,D1 mai rapid
50,5,Q158,130.451,127.661,0.9786126591593779,D2 mai rapid
50,5,Q159,142.253,135.475,0.9523524987170746,D2 mai rapid
50,5,Q161,10.858,16.968,1.5627187327316263,D1 mai rapid
50,5,Q162,16.048,11.3,0.7041375872382852,D2 mai rapid
50,5,Q163,6.997,2.61,0.3730170072888381,D2 mai rapid
50,5,Q164,21.744,16.87,0.7758462104488595,D2 mai rapid
50,5,Q165,21.614,16.177,0.7484500786527251,D2 mai rapid
50,5,Q166,21.667,16.12,0.7439885540222458,D2 mai rapid
50,5,Q167,105.981,25.92,0.24457214028929716,D2 mai rapid
50,5,Q168,108.86,25.121,0.23076428440198418,D2 mai rapid
50,5,Q169,110.613,24.847,0.22463001636335694,D2 mai rapid
50,5,Q170,85.024,33.997,0.3998518065487392,D2 mai rapid
50,5,Q171,88.883,34.036,0.3829303691369554,D2 mai rapid
50,5,Q172,8.426,3.989,0.4734156183242345,D2 mai rapid
50,5,Q173,7.108,3.289,0.462718064153067,D2 mai rapid
50,5,Q174,7.514,3.42,0.4551503859462337,D2 mai rapid
50,5,Q175,5.565,6.59,1.1841868823000898,D1 mai rapid
50,5,Q176,5.265,5.782,1.098195631528965,D1 mai rapid
50,5,Q177,5.222,5.736,1.0984297204136344,D1 mai rapid
50,5,Q178,9.708,10.026,1.0327564894932015,D1 mai rapid
50,5,Q179,12.804,8.549,0.66768197438300525,D2 mai rapid
50,5,Q180,12.305,8.643,0.7023973994311257,D2 mai rapid
50,5,Q181,7.319,10.622,1.4512911599945348,D1 mai rapid
50,5,Q182,9.487,7.58,0.7989880889638452,D2 mai rapid
50,5,Q183,289.797,264.584,0.9129977190930202,D2 mai rapid
50,5,Q184,263.721,248.337,0.941665623897983,D2 mai rapid
50,5,Q185,5.069,4.884,0.9635036496350365,D2 mai rapid
50,5,Q186,14.626,8.947,0.6117188568303021,D2 mai rapid
50,5,Q187,12.986,7.129,0.5489758201139688,D2 mai rapid
50,5,Q188,3.815,2.292,0.600786369593709,D2 mai rapid
50,5,Q189,0.852,1.239,1.4542253521126762,D1 mai rapid
50,5,Q190,0.453,0.741,1.6357615894039734,D1 mai rapid
50,5,Q191,0.426,0.707,1.6596244131455398,D1 mai rapid
50,5,Q192,8.058,10.552,1.309506080913378,D1 mai rapid
50,5,Q193,6.492,10.896,1.678373382624769,D1 mai rapid
50,5,Q194,7.574,4.893,0.6460258780036968,D2 mai rapid
50,5,Q195,4.998,4.54,0.9083633453381352,D2 mai rapid
50,5,Q196,5.284,4.445,0.841218773656321,D2 mai rapid
50,5,Q199,2.184,2.919,1.3365384615384615,D1 mai rapid
50,5,Q200,3.968,3.524,0.8881048387096774,D2 mai rapid
50,5,Q201,3.533,2.698,0.7636569487687518,D2 mai rapid
50,5,Q202,3.57,2.716,0.7607843137254903,D2 mai rapid
50,5,Q203,15.357,13.179,0.8581754248876734,D2 mai rapid
50,5,Q204,1.683,1.525,0.9061200237670826,D2 mai rapid
50,5,Q205,0.924,0.831,0.8993506493506492,D2 mai rapid
50,5,Q206,1.66,1.393,0.8391566265060242,D2 mai rapid
50,5,Q207,1.29,1.353,1.0488372093023255,D1 mai rapid
50,5,Q212,63.122,34.805,0.5513925414277114,D2 mai rapid
50,5,Q213,70.696,46.51,0.6578872920674437,D2 mai rapid
50,5,Q214,71.474,47.271,0.6613733665388812,D2 mai rapid
50,5,Q215,70.79,48.609,0.6866647831614634,D2 mai rapid
50,5,Q216,4.707,14.993,3.1852560016995963,D1 mai rapid
50,5,Q217,6.776,16.996,2.508264462809917,D1 mai rapid
50,5,Q218,6.58,16.641,2.5290273556231,D1 mai rapid
50,5,Q219,59.939,38.297,0.6389329151303825,D2 mai rapid
50,5,Q220,90.888,65.664,0.7224716134143121,D2 mai rapid
50,5,Q221,93.58,63.963,0.6835114340671083,D2 mai rapid
50,5,Q222,95.589,64.843,0.6783521116446454,D2 mai rapid
50,5,Q223,1.091,1.453,1.3318056828597618,D1 mai rapid
50,5,Q224,0.883,1.318,1.492638731596829,D1 mai rapid
50,5,Q225,47.646,21.465,0.4505100113335852,D2 mai rapid
50,5,Q226,44.079,20.769,0.4711767508337303,D2 mai rapid
50,5,Q227,64.696,34.827,0.5383176703351057,D2 mai rapid
50,5,Q228,63.93,33.799,0.528687627092132,D2 mai rapid
50,5,Q229,36.043,11.874,0.329439835751741,D2 mai rapid
50,5,Q230,10.133,9.195,0.9074311654988652,D2 mai rapid
50,5,Q231,8.868,8.061,0.9089986468200271,D2 mai rapid
50,5,Q232,8.672,7.771,0.8961023985239852,D2 mai rapid
50,5,Q234,315.778,79.856,0.25288652154361607,D2 mai rapid
50,5,Q236,32.021,20.49,0.6398925705006089,D2 mai rapid
50,5,Q239,21.106,10.098,0.4784421491518999,D2 mai rapid
50,5,Q240,80.952,34.142,0.42175610238165834,D2 mai rapid
50,5,Q241,18.446,36.67,1.987964870432614,D1 mai rapid
50,5,Q242,1100.737,113.966,0.1035360853682578,D2 mai rapid
50,5,Q243,56.987,12.616,0.22138382438099916,D2 mai rapid
50,5,Q244,16.922,14.369,0.8491313083559863,D2 mai rapid
50,5,Q245,16.141,14.217,0.880800446069017,D2 mai rapid
50,5,Q246,37.48,13.546,0.3614194236926361,D2 mai rapid
100,2,Q001,21.224,49.789,2.345882020354316,D1 mai rapid
100,2,Q002,19.243,51.361,2.6690744686379464,D1 mai rapid
100,2,Q003,177.565,122.785,0.6914932559907639,D2 mai rapid
100,2,Q004,50.479,83.496,1.6540739713544246,D1 mai rapid
100,2,Q005,86.216,118.414,1.3734573629024776,D1 mai rapid
100,2,Q006,108.357,126.798,1.1701874359755253,D1 mai rapid
100,2,Q007,4.861,4.488,0.9232668175272579,D2 mai rapid
100,2,Q008,0.454,6.256,13.779735682819384,D1 mai rapid
100,2,Q009,18.636,18.335,0.9838484653359091,D2 mai rapid
100,2,Q010,3.423,7.349,2.146947122407245,D1 mai rapid
100,2,Q011,109.119,64.323,0.5894757100046737,D2 mai rapid
100,2,Q012,116.713,78.179,0.6698396922365119,D2 mai rapid
100,2,Q014,4.259,6.19,1.4533928152148392,D1 mai rapid
100,2,Q015,1.576,1.654,1.049492385786802,D1 mai rapid
100,2,Q016,365.08,57.21,0.15670537964281803,D2 mai rapid
100,2,Q017,100.768,76.625,0.7604100508097809,D2 mai rapid
100,2,Q018,57.89,56.431,0.9747970288478147,D2 mai rapid
100,2,Q019,10.892,0.633,0.058116048475945654,D2 mai rapid
100,2,Q020,6.168,18.484,2.996757457846952,D1 mai rapid
100,2,Q021,32.182,35.31,1.097197190976322,D1 mai rapid
100,2,Q022,32.916,34.934,1.0613075707862438,D1 mai rapid
100,2,Q023,34.881,113.826,3.263266534789713,D1 mai rapid
100,2,Q025,685.047,86.083,0.12565999121228177,D2 mai rapid
100,2,Q026,130.86,59.707,0.456266238728412,D2 mai rapid
100,2,Q027,12.751,11.894,0.9327895851305781,D2 mai rapid
100,2,Q029,77.285,136.369,1.7644950507860517,D1 mai rapid
100,2,Q030,113.012,147.378,1.3040916008919405,D1 mai rapid
100,2,Q031,1010.171,1986.476,1.9664749829484316,D1 mai rapid
100,2,Q032,46.015,120.442,2.617450831250679,D1 mai rapid
100,2,Q033,36.494,214.007,5.864169452512742,D1 mai rapid
100,2,Q034,129.555,409.669,3.1621241943576086,D1 mai rapid
100,2,Q035,19.38,73.736,3.804747162022704,D1 mai rapid
100,2,Q036,1017.869,53.815,0.05287026130081572,D2 mai rapid
100,2,Q037,131.998,252.16,1.9103319747268899,D1 mai rapid
100,2,Q038,127.471,312.119,2.448549081751928,D1 mai rapid
100,2,Q039,129.928,297.365,2.2886906594421528,D1 mai rapid
100,2,Q041,340.701,1064.137,3.1233750414586394,D1 mai rapid
100,2,Q042,226.578,261.565,1.1544148152071252,D1 mai rapid
100,2,Q043,36.228,32.043,0.8844816164292811,D2 mai rapid
100,2,Q044,210.238,195.93,0.9319437970300327,D2 mai rapid
100,2,Q046,199.883,164.252,0.8217407183202173,D2 mai rapid
100,2,Q047,343.412,173.557,0.5053900271394127,D2 mai rapid
100,2,Q048,56.463,65.648,1.1626729008377166,D1 mai rapid
100,2,Q049,64.323,64.342,1.0002953842327007,D1 mai rapid
100,2,Q052,551.472,1117.866,2.027058490730264,D1 mai rapid
100,2,Q053,545.475,917.863,1.6826857326183602,D1 mai rapid
100,2,Q056,37.477,80.972,2.160578488139392,D1 mai rapid
100,2,Q057,345.168,329.277,0.9539615491586705,D2 mai rapid
100,2,Q058,338.837,367.544,1.0847221525394215,D1 mai rapid
100,2,Q059,325.495,333.173,1.0235886879982796,D1 mai rapid
100,2,Q060,506.754,496.713,0.980185652209948,D2 mai rapid
100,2,Q062,76.105,72.652,0.9546284738190657,D2 mai rapid
100,2,Q063,41.363,18.296,0.44232768416217394,D2 mai rapid
100,2,Q066,258.801,79.961,0.30896712145625405,D2 mai rapid
100,2,Q070,94.979,380.773,4.009023047199908,D1 mai rapid
100,2,Q071,70.218,232.404,3.309749636845253,D1 mai rapid
100,2,Q072,36.007,66.629,1.8504457466603719,D1 mai rapid
100,2,Q073,112.937,311.544,2.7585645094167544,D1 mai rapid
100,2,Q074,79.597,274.258,3.445582119929143,D1 mai rapid
100,2,Q075,346.352,394.182,1.1380965029796277,D1 mai rapid
100,2,Q076,227.476,138.202,0.607545411384058,D2 mai rapid
100,2,Q077,102.483,88.609,0.8646214494111217,D2 mai rapid
100,2,Q078,151.91,84.067,0.5534000394970706,D2 mai rapid
100,2,Q079,108.128,111.937,1.0352267682746374,D1 mai rapid
100,2,Q080,2.394,3.924,1.639097744360902,D1 mai rapid
100,2,Q081,1.124,1.322,1.1761565836298933,D1 mai rapid
100,2,Q082,45.888,25.348,0.5523884239888424,D2 mai rapid
100,2,Q083,84.696,52.89,0.6244686880136016,D2 mai rapid
100,2,Q084,16.607,15.919,0.9585716866381647,D2 mai rapid
100,2,Q085,10.738,6.7,0.6239523188675732,D2 mai rapid
100,2,Q086,75.56,65.788,0.8706723133933297,D2 mai rapid
100,2,Q087,107.234,85.201,0.7945334502116865,D2 mai rapid
100,2,Q088,94.893,19.527,0.20577914071638584,D2 mai rapid
100,2,Q089,26.732,18.05,0.6752207092623074,D2 mai rapid
100,2,Q090,34.924,16.751,0.4796415072729356,D2 mai rapid
100,2,Q091,24.197,3.19,0.1318345249411084,D2 mai rapid
100,2,Q092,338.013,407.345,1.2051163712638273,D1 mai rapid
100,2,Q093,326.483,456.872,1.3993745463010325,D1 mai rapid
100,2,Q094,114.577,24.938,0.2176527575342346,D2 mai rapid
100,2,Q095,15.028,8.995,0.5985493745009315,D2 mai rapid
100,2,Q096,76.395,21.234,0.27795012762615356,D2 mai rapid
100,2,Q097,186.798,66.304,0.3549502671334811,D2 mai rapid
100,2,Q098,20.313,21.475,1.057204745729336,D1 mai rapid
100,2,Q100,19.118,7.868,0.41154932524322635,D2 mai rapid
100,2,Q102,71.553,20.284,0.2834821740528,D2 mai rapid
100,2,Q104,149.307,83.434,0.5588083612958535,D2 mai rapid
100,2,Q105,102.748,38.109,0.37089773036944756,D2 mai rapid
100,2,Q106,162.097,102.813,0.6342683701734146,D2 mai rapid
100,2,Q107,192.967,111.764,0.579187114895293,D2 mai rapid
100,2,Q108,200.037,125.226,0.6260141873753355,D2 mai rapid
100,2,Q109,22.722,42.825,1.8847372590440983,D1 mai rapid
100,2,Q111,25.12,23.103,0.9197054140127389,D2 mai rapid
100,2,Q112,42.999,46.739,1.0869787669480684,D1 mai rapid
100,2,Q113,109.175,67.154,0.6151041905198076,D2 mai rapid
100,2,Q114,12.306,32.056,2.604908174874045,D1 mai rapid
100,2,Q115,307.977,168.665,0.5476545326436715,D2 mai rapid
100,2,Q116,148.455,48.086,0.3239096022363679,D2 mai rapid
100,2,Q117,60.568,69.614,1.1493527935543522,D1 mai rapid
100,2,Q118,20.753,14.841,0.7151255240206235,D2 mai rapid
100,2,Q120,2.766,7.031,2.541937816341287,D1 mai rapid
100,2,Q122,1077.32,559.456,0.5193034567259496,D2 mai rapid
100,2,Q123,378.213,223.447,0.5907967203665659,D2 mai rapid
100,2,Q126,250.143,267.9,1.0709873952099398,D1 mai rapid
100,2,Q127,312.912,252.615,0.8073036508666974,D2 mai rapid
100,2,Q128,131.443,1019.319,7.754836697275624,D1 mai rapid
100,2,Q129,37.551,27.516,0.7327634417192617,D2 mai rapid
100,2,Q130,30.075,12.866,0.42779717373233583,D2 mai rapid
100,2,Q131,88.045,56.778,0.6448747799420751,D2 mai rapid
100,2,Q133,216.685,165.336,0.7630246671435494,D2 mai rapid
100,2,Q134,425.061,331.91,0.7808526305636133,D2 mai rapid
100,2,Q135,2.088,2.09,1.0009578544061302,D1 mai rapid
100,2,Q136,100.451,109.676,1.0918358204497716,D1 mai rapid
100,2,Q137,31.03,62.865,2.025942636158556,D1 mai rapid
100,2,Q138,14.62,15.103,1.0330369357045144,D1 mai rapid
100,2,Q139,16.085,15.329,0.9529996891513832,D2 mai rapid
100,2,Q140,14.437,14.804,1.0254207937937245,D1 mai rapid
100,2,Q141,17.663,19.98,1.1311781690539546,D1 mai rapid
100,2,Q142,1.292,2.515,1.946594427244582,D1 mai rapid
100,2,Q143,5.707,5.57,0.975994392850885,D2 mai rapid
100,2,Q144,16.455,11.811,0.7177757520510484,D2 mai rapid
100,2,Q145,13.945,10.873,0.7797059878092506,D2 mai rapid
100,2,Q146,10.569,12.521,1.1846910776800075,D1 mai rapid
100,2,Q147,11.057,9.688,0.8761870308401918,D2 mai rapid
100,2,Q148,54.491,53.139,0.975188563248977,D2 mai rapid
100,2,Q149,33.75,28.564,0.8463407407407407,D2 mai rapid
100,2,Q150,15.938,14.826,0.930229639854436,D2 mai rapid
100,2,Q151,72.815,169.366,2.325976790496464,D1 mai rapid
100,2,Q152,10.463,68.619,6.558252891140209,D1 mai rapid
100,2,Q153,1563.408,2826.912,1.8081729145558934,D1 mai rapid
100,2,Q154,1584.972,3190.445,2.012934613355946,D1 mai rapid
100,2,Q155,45.835,88.703,1.9352678084433295,D1 mai rapid
100,2,Q156,10.926,17.418,1.5941790225151016,D1 mai rapid
100,2,Q157,11.127,16.451,1.4784757796351218,D1 mai rapid
100,2,Q158,509.172,333.473,0.6549319286999286,D2 mai rapid
100,2,Q159,405.166,367.797,0.9077686676572072,D2 mai rapid
100,2,Q161,25.668,47.218,1.8395667757519092,D1 mai rapid
100,2,Q162,64.06,156.16,2.437714642522635,D1 mai rapid
100,2,Q163,15.784,10.261,0.6500886974151038,D2 mai rapid
100,2,Q164,226.127,246.349,1.0894276225307016,D1 mai rapid
100,2,Q165,142.523,319.144,2.2392455954477524,D1 mai rapid
100,2,Q166,109.215,242.046,2.216234033786568,D1 mai rapid
100,2,Q167,254.066,184.079,0.724532208166382,D2 mai rapid
100,2,Q168,255.246,59.492,0.23307710992532693,D2 mai rapid
100,2,Q169,262.112,55.954,0.21347362959345623,D2 mai rapid
100,2,Q170,260.849,83.333,0.31946835142170377,D2 mai rapid
100,2,Q171,251.978,77.363,0.3070228353268936,D2 mai rapid
100,2,Q172,68.239,71.834,1.0526824836237343,D1 mai rapid
100,2,Q173,18.611,8.562,0.4600505077642254,D2 mai rapid
100,2,Q174,20.118,9.846,0.4894124664479571,D2 mai rapid
100,2,Q175,31.297,26.159,0.8358309103108924,D2 mai rapid
100,2,Q176,25.969,17.025,0.6555893565404906,D2 mai rapid
100,2,Q177,26.756,14.755,0.5514650919419943,D2 mai rapid
100,2,Q178,27.523,26.579,0.9657014133633689,D2 mai rapid
100,2,Q179,73.59,42.168,0.5730126375866286,D2 mai rapid
100,2,Q180,53.113,24.776,0.46647713365842636,D2 mai rapid
100,2,Q181,273.383,106.915,0.3910813766766771,D2 mai rapid
100,2,Q182,63.362,33.757,0.5327641172942773,D2 mai rapid
100,2,Q185,234.328,300.415,1.2820277559659965,D1 mai rapid
100,2,Q186,27.544,30.655,1.1129465582340983,D1 mai rapid
100,2,Q187,24.488,16.248,0.6635086573015355,D2 mai rapid
100,2,Q188,20.374,66.264,3.2523804849317757,D1 mai rapid
100,2,Q189,4.084,180.154,44.112144955925565,D1 mai rapid
100,2,Q190,2.878,5.55,1.928422515635858,D1 mai rapid
100,2,Q191,2.858,5.539,1.938068579426172,D1 mai rapid
100,2,Q192,114.442,186.061,1.6258104542038763,D1 mai rapid
100,2,Q193,18.203,63.117,3.467395484260836,D1 mai rapid
100,2,Q194,108.476,25.004,0.23050259965337958,D2 mai rapid
100,2,Q195,18.118,10.434,0.5758913787393752,D2 mai rapid
100,2,Q196,15.454,10.234,0.6622233725896208,D2 mai rapid
100,2,Q199,10.948,2.973,0.2715564486664231,D2 mai rapid
100,2,Q200,12.243,6.124,0.5002041983174058,D2 mai rapid
100,2,Q201,8.098,5.95,0.7347493208199555,D2 mai rapid
100,2,Q202,7.445,5.74,0.770987239758227,D2 mai rapid
100,2,Q203,162.928,63.37,0.3889448099774133,D2 mai rapid
100,2,Q204,37.376,16.978,0.45424871575342474,D2 mai rapid
100,2,Q205,43.897,9.034,0.20579994077043992,D2 mai rapid
100,2,Q206,36.095,13.882,0.38459620446045156,D2 mai rapid
100,2,Q207,23.12,10.521,0.455060553633218,D2 mai rapid
100,2,Q212,335.909,86.265,0.25681062430598767,D2 mai rapid
100,2,Q213,199.942,98.139,0.4908373428294205,D2 mai rapid
100,2,Q214,199.954,102.447,0.5123528411534652,D2 mai rapid
100,2,Q215,199.271,113.045,0.5672927821910866,D2 mai rapid
100,2,Q216,20.437,76.146,3.7258893183931105,D1 mai rapid
100,2,Q217,17.195,43.012,2.5014248328002324,D1 mai rapid
100,2,Q218,16.999,44.658,2.627095711512442,D1 mai rapid
100,2,Q219,205.573,185.268,0.9012273012506505,D2 mai rapid
100,2,Q222,975.334,498.285,0.5108865270768783,D2 mai rapid
100,2,Q223,7.72,267.525,34.65349740932642,D1 mai rapid
100,2,Q224,6.664,14.994,2.25,D1 mai rapid
100,2,Q225,152.401,96.305,0.6319184257321147,D2 mai rapid
100,2,Q226,126.843,56.903,0.44860969860378574,D2 mai rapid
100,2,Q227,366.806,740.896,2.0198579085402093,D1 mai rapid
100,2,Q228,304.771,730.042,2.395378825413179,D1 mai rapid
100,2,Q229,79.229,27.455,0.34652715546075297,D2 mai rapid
100,2,Q230,45.565,41.316,0.9067486008998136,D2 mai rapid
100,2,Q231,38.715,23.356,0.6032803822807697,D2 mai rapid
100,2,Q232,38.018,23.826,0.6267031406176022,D2 mai rapid
100,2,Q234,1172.954,348.969,0.2975129459467294,D2 mai rapid
100,2,Q236,292.142,77.018,0.26363206933614475,D2 mai rapid
100,2,Q239,86.042,23.411,0.27208805002208225,D2 mai rapid
100,2,Q240,205.188,76.844,0.3745053316958107,D2 mai rapid
100,2,Q241,53.458,92.165,1.7240637509820795,D1 mai rapid
100,2,Q242,2996.409,246.38,0.08222509009951579,D2 mai rapid
100,2,Q243,305.754,59.038,0.19308986963375782,D2 mai rapid
100,2,Q244,27.633,19.647,0.710997720117251,D2 mai rapid
100,2,Q245,27.446,19.128,0.6969321576914669,D2 mai rapid
100,2,Q246,106.27,33.162,0.31205420156205893,D2 mai rapid
100,5,Q001,90.352,160.431,1.7756220116876218,D1 mai rapid
100,5,Q002,21.151,45.609,2.15635194553449,D1 mai rapid
100,5,Q003,188.557,67.21,0.35644394002874463,D2 mai rapid
100,5,Q004,59.421,59.659,1.004005317985224,D1 mai rapid
100,5,Q005,93.657,192.502,2.0553936171348646,D1 mai rapid
100,5,Q006,107.576,412.642,3.835818398155723,D1 mai rapid
100,5,Q007,4.013,18.203,4.536007974084226,D1 mai rapid
100,5,Q008,9.313,11.717,1.2581337914742832,D1 mai rapid
100,5,Q009,22.738,77.377,3.4029817925938954,D1 mai rapid
100,5,Q010,3.87,9.39,2.4263565891472867,D1 mai rapid
100,5,Q011,106.86,181.992,1.7030881527231891,D1 mai rapid
100,5,Q012,119.558,190.871,1.596472005219224,D1 mai rapid
100,5,Q014,6.246,10.927,1.749439641370477,D1 mai rapid
100,5,Q015,1.583,1.586,1.001895135818067,D1 mai rapid
100,5,Q016,363.126,123.714,0.34069166074585683,D2 mai rapid
100,5,Q017,102.848,195.741,1.9032066739265714,D1 mai rapid
100,5,Q018,57.763,58.837,1.0185932171112997,D1 mai rapid
100,5,Q019,14.576,0.943,0.06469538968166849,D2 mai rapid
100,5,Q020,8.997,34.454,3.8294987217961545,D1 mai rapid
100,5,Q021,31.709,91.45,2.8840392317638526,D1 mai rapid
100,5,Q022,32.858,37.542,1.1425528029703576,D1 mai rapid
100,5,Q023,41.882,477.188,11.393629721598778,D1 mai rapid
100,5,Q025,705.041,193.7,0.27473579550692795,D2 mai rapid
100,5,Q026,106.721,191.866,1.7978279813719886,D1 mai rapid
100,5,Q027,13.021,12.84,0.9860993779279624,D2 mai rapid
100,5,Q029,55.802,196.692,3.524819898928354,D1 mai rapid
100,5,Q030,129.675,190.061,1.4656718719876614,D1 mai rapid
100,5,Q031,985.987,1294.35,1.3127455027297519,D1 mai rapid
100,5,Q032,55.843,147.291,2.637591103629819,D1 mai rapid
100,5,Q033,40.348,223.025,5.527535441657579,D1 mai rapid
100,5,Q034,120.828,677.079,5.603659747740589,D1 mai rapid
100,5,Q035,22.677,115.99,5.114874101512545,D1 mai rapid
100,5,Q036,1078.42,105.327,0.09766788449769105,D2 mai rapid
100,5,Q037,125.254,375.934,3.0013732096380155,D1 mai rapid
100,5,Q038,119.847,395.047,3.2962610661927294,D1 mai rapid
100,5,Q039,125.963,403.521,3.203488325936982,D1 mai rapid
100,5,Q041,400.262,1625.381,4.06079268079408,D1 mai rapid
100,5,Q042,255.011,940.835,3.689389869456612,D1 mai rapid
100,5,Q043,40.012,199.419,4.983979806058183,D1 mai rapid
100,5,Q044,212.643,417.661,1.9641417775332364,D1 mai rapid
100,5,Q046,189.489,292.284,1.5424853157703085,D1 mai rapid
100,5,Q047,306.414,200.913,0.6556913195872252,D2 mai rapid
100,5,Q048,54.531,124.058,2.2749995415451765,D1 mai rapid
100,5,Q049,59.997,185.028,3.083954197709885,D1 mai rapid
100,5,Q052,606.882,1157.719,1.9076509107207005,D1 mai rapid
100,5,Q053,572.226,1112.791,1.9446704623697628,D1 mai rapid
100,5,Q056,84.776,264.836,3.123950174577711,D1 mai rapid
100,5,Q057,343.64,686.332,1.9972412990338728,D1 mai rapid
100,5,Q058,402.334,824.299,2.0487927940467374,D1 mai rapid
100,5,Q059,370.984,760.01,2.048632825135316,D1 mai rapid
100,5,Q060,526.09,614.199,1.167478948468893,D1 mai rapid
100,5,Q062,71.741,237.188,3.30617080888195,D1 mai rapid
100,5,Q063,45.396,78.467,1.7285003083972155,D1 mai rapid
100,5,Q066,205.059,197.277,0.9620499466007344,D2 mai rapid
100,5,Q070,98.593,114.435,1.1606807785542583,D1 mai rapid
100,5,Q071,65.402,82.641,1.2635852114614232,D1 mai rapid
100,5,Q072,30.743,27.979,0.9100933545847836,D2 mai rapid
100,5,Q073,93.769,107.19,1.1431283259925988,D1 mai rapid
100,5,Q074,72.164,85.273,1.1816556731888475,D1 mai rapid
100,5,Q075,348.725,334.514,0.9592486916624847,D2 mai rapid
100,5,Q076,232.434,171.927,0.7396809416866723,D2 mai rapid
100,5,Q077,97.447,113.656,1.166336572701058,D1 mai rapid
100,5,Q078,145.648,107.694,0.7394128309348567,D2 mai rapid
100,5,Q079,89.281,130.388,1.4604227103191048,D1 mai rapid
100,5,Q080,4.666,1.868,0.40034290612944706,D2 mai rapid
100,5,Q081,1.224,1.13,0.9232026143790849,D2 mai rapid
100,5,Q082,46.712,25.331,0.542280356225381,D2 mai rapid
100,5,Q083,55.627,66.018,1.1867977780574182,D1 mai rapid
100,5,Q084,18.833,19.061,1.0121064089629905,D1 mai rapid
100,5,Q085,7.626,9.903,1.2985837922895358,D1 mai rapid
100,5,Q086,75.944,42.717,0.5624802486042346,D2 mai rapid
100,5,Q087,67.689,72.001,1.0637031127657377,D1 mai rapid
100,5,Q088,33.876,22.837,0.6741350808832212,D2 mai rapid
100,5,Q089,27.012,18.169,0.6726269806012143,D2 mai rapid
100,5,Q090,32.992,18.486,0.5603176527643066,D2 mai rapid
100,5,Q091,3.319,2.893,0.8716480867731243,D2 mai rapid
100,5,Q092,332.054,356.752,1.0743794683997183,D1 mai rapid
100,5,Q093,329.957,383.763,1.1630697333288882,D1 mai rapid
100,5,Q094,26.699,25.826,0.9673021461477957,D2 mai rapid
100,5,Q095,14.764,8.904,0.6030885938769981,D2 mai rapid
100,5,Q096,72.103,20.539,0.28485638600335633,D2 mai rapid
100,5,Q097,74.504,86.492,1.1609041125308708,D1 mai rapid
100,5,Q098,19.191,19.213,1.0011463706945964,D1 mai rapid
100,5,Q100,19.63,12.759,0.6499745287824759,D2 mai rapid
100,5,Q102,50.02,88.275,1.7647940823670532,D1 mai rapid
100,5,Q104,190.724,238.632,1.2511902015477865,D1 mai rapid
100,5,Q105,269.201,265.012,0.9844391365559563,D2 mai rapid
100,5,Q106,209.791,296.379,1.4127345786997536,D1 mai rapid
100,5,Q107,253.989,316.882,1.247620959962833,D1 mai rapid
100,5,Q108,345.992,310.502,0.8974253739970867,D2 mai rapid
100,5,Q109,189.663,163.483,0.8619656970521398,D2 mai rapid
100,5,Q111,144.42,192.773,1.3348081983104834,D1 mai rapid
100,5,Q112,49.253,106.657,2.165492457312245,D1 mai rapid
100,5,Q113,112.034,122.935,1.0973008193941125,D1 mai rapid
100,5,Q114,24.741,22.79,0.9211430419142315,D2 mai rapid
100,5,Q115,160.371,616.516,3.8443110038598,D1 mai rapid
100,5,Q116,268.86,277.976,1.0339061221453545,D1 mai rapid
100,5,Q117,165.46,425.702,2.5728393569442765,D1 mai rapid
100,5,Q118,15.266,348.959,22.85857461024499,D1 mai rapid
100,5,Q120,11.121,26.738,2.404280190630339,D1 mai rapid
100,5,Q122,842.615,1235.096,1.4657892394509948,D1 mai rapid
100,5,Q123,520.802,893.817,1.7162318885104126,D1 mai rapid
100,5,Q126,417.238,663.11,1.5892847727196469,D1 mai rapid
100,5,Q127,405.347,637.142,1.5718433835701267,D1 mai rapid
100,5,Q128,159.55,2627.487,16.46811031024757,D1 mai rapid
100,5,Q129,95.256,123.936,1.3010833963214916,D1 mai rapid
100,5,Q130,34.597,13.709,0.39624822961528455,D2 mai rapid
100,5,Q131,72.373,83.205,1.1496690754839511,D1 mai rapid
100,5,Q133,309.701,308.661,0.9966419223702861,D2 mai rapid
100,5,Q134,660.925,625.111,0.9458123085070167,D2 mai rapid
100,5,Q135,5.576,3.779,0.677725968436155,D2 mai rapid
100,5,Q136,212.848,234.916,1.103679621138089,D1 mai rapid
100,5,Q137,188.267,231.166,1.2278625569005721,D1 mai rapid
100,5,Q138,112.058,220.38,1.9666601224365952,D1 mai rapid
100,5,Q139,20.559,178.991,8.70621139160465,D1 mai rapid
100,5,Q140,16.472,118.067,7.167739193783389,D1 mai rapid
100,5,Q141,48.478,77.989,1.6087503609884897,D1 mai rapid
100,5,Q142,4.548,7.533,1.6563324538258575,D1 mai rapid
100,5,Q143,7.81,6.405,0.8201024327784892,D2 mai rapid
100,5,Q144,22.856,19.224,0.8410920546027301,D2 mai rapid
100,5,Q145,15.341,13.589,0.8857962323186234,D2 mai rapid
100,5,Q146,11.225,14.587,1.2995100222717149,D1 mai rapid
100,5,Q147,13.446,12.519,0.9310575635876841,D2 mai rapid
100,5,Q148,97.432,176.282,1.8092823712948518,D1 mai rapid
100,5,Q149,35.318,30.463,0.8625346848632426,D2 mai rapid
100,5,Q150,17.294,16.564,0.9577888284954319,D2 mai rapid
100,5,Q151,169.558,437.319,2.5791705493105606,D1 mai rapid
100,5,Q152,250.41,486.781,1.943935945050118,D1 mai rapid
100,5,Q153,3308.949,3226.874,0.9751960516768314,D2 mai rapid
100,5,Q154,2965.07,1704.896,0.574993507741807,D2 mai rapid
100,5,Q155,72.493,90.795,1.2524657553143064,D1 mai rapid
100,5,Q156,9.835,16.003,1.6271479410269445,D1 mai rapid
100,5,Q157,11.337,14.801,1.3055482049925025,D1 mai rapid
100,5,Q158,432.399,329.029,0.7609383925494739,D2 mai rapid
100,5,Q159,636.225,346.516,0.544643797398719,D2 mai rapid
100,5,Q161,148.467,41.041,0.27643179965918346,D2 mai rapid
100,5,Q162,61.174,29.973,0.4899630562003465,D2 mai rapid
100,5,Q163,17.153,8.929,0.5205503410482132,D2 mai rapid
100,5,Q164,252.52,92.988,0.3682401393948994,D2 mai rapid
100,5,Q165,225.206,88.663,0.3936973260037477,D2 mai rapid
100,5,Q166,231.35,87.739,0.3792478928031122,D2 mai rapid
100,5,Q167,347.78,81.831,0.23529530162746568,D2 mai rapid
100,5,Q168,320.816,55.058,0.1716186225125929,D2 mai rapid
100,5,Q169,332.879,54.583,0.16397249451001714,D2 mai rapid
100,5,Q170,256.93,76.278,0.29688241933600595,D2 mai rapid
100,5,Q171,272.523,75.735,0.27790314945894473,D2 mai rapid
100,5,Q172,53.36,17.94,0.33620689655172414,D2 mai rapid
100,5,Q173,17.199,9.595,0.5578812721669865,D2 mai rapid
100,5,Q174,17.7,7.946,0.4489265536723164,D2 mai rapid
100,5,Q175,29.897,16.479,0.5511924273338462,D2 mai rapid
100,5,Q176,24.977,15.553,0.6226928774472515,D2 mai rapid
100,5,Q177,22.69,14.351,0.6324812692816218,D2 mai rapid
100,5,Q178,24.755,25.272,1.0208846697636842,D1 mai rapid
100,5,Q179,92.279,26.096,0.2827945686450872,D2 mai rapid
100,5,Q180,53.082,22.886,0.43114426735993366,D2 mai rapid
100,5,Q181,161.403,67.133,0.4159340284876985,D2 mai rapid
100,5,Q182,67.993,31.721,0.46653331960643013,D2 mai rapid
100,5,Q185,169.707,68.706,0.4048507132881968,D2 mai rapid
100,5,Q186,177.134,16.017,0.0904230695405738,D2 mai rapid
100,5,Q187,116.795,13.66,0.11695706151804444,D2 mai rapid
100,5,Q188,51.401,22.506,0.4378514036691893,D2 mai rapid
100,5,Q189,8.417,104.224,12.382559106570037,D1 mai rapid
100,5,Q190,2.966,5.872,1.9797707349966283,D1 mai rapid
100,5,Q191,2.889,6.59,2.2810661128418137,D1 mai rapid
100,5,Q192,191.003,164.498,0.8612325460856636,D2 mai rapid
100,5,Q193,15.159,24.842,1.6387624513490333,D1 mai rapid
100,5,Q194,64.208,23.418,0.3647209070520807,D2 mai rapid
100,5,Q195,15.96,11.118,0.6966165413533835,D2 mai rapid
100,5,Q196,22.205,9.613,0.4329205133978834,D2 mai rapid
100,5,Q199,16.034,4.64,0.2893850567543969,D2 mai rapid
100,5,Q200,10.291,6.811,0.6618404431056263,D2 mai rapid
100,5,Q201,7.323,6.24,0.8521097910692339,D2 mai rapid
100,5,Q202,7.218,5.759,0.7978664449986146,D2 mai rapid
100,5,Q203,202.653,65.987,0.32561570763817954,D2 mai rapid
100,5,Q204,58.373,18.342,0.3142206156956127,D2 mai rapid
100,5,Q205,20.334,3.013,0.14817546965673256,D2 mai rapid
100,5,Q206,22.389,7.4,0.3305194515163697,D2 mai rapid
100,5,Q207,12.5,5.122,0.40976,D2 mai rapid
100,5,Q212,345.292,81.501,0.23603500805115674,D2 mai rapid
100,5,Q213,860.978,110.197,0.12799049453063843,D2 mai rapid
100,5,Q214,1465.654,115.522,0.07881942122765674,D2 mai rapid
100,5,Q215,457.968,111.754,0.2440214163435,D2 mai rapid
100,5,Q216,38.98,38.864,0.9970241149307337,D2 mai rapid
100,5,Q217,16.736,41.227,2.463372370936902,D1 mai rapid
100,5,Q218,16.945,41.457,2.4465624077899086,D1 mai rapid
100,5,Q219,211.968,107.527,0.5072794006642513,D2 mai rapid
100,5,Q220,1151.818,500.679,0.4346858618288653,D2 mai rapid
100,5,Q222,566.876,476.91,0.8412950980461337,D2 mai rapid
100,5,Q223,8.49,107.45,12.656065959952885,D1 mai rapid
100,5,Q224,6.733,9.414,1.3981880291103521,D1 mai rapid
100,5,Q225,139.731,48.324,0.3458359276037529,D2 mai rapid
100,5,Q226,139.263,46.268,0.3322346926319266,D2 mai rapid
100,5,Q227,360.981,238.59,0.6609489142087811,D2 mai rapid
100,5,Q228,399.035,264.869,0.6637738544237974,D2 mai rapid
100,5,Q229,89.356,25.336,0.28353999731411433,D2 mai rapid
100,5,Q230,57.434,34.623,0.602831075669464,D2 mai rapid
100,5,Q231,36.393,23.071,0.6339405929711758,D2 mai rapid
100,5,Q232,38.565,23.137,0.5999481395047324,D2 mai rapid
100,5,Q234,890.124,303.687,0.3411738139854672,D2 mai rapid
100,5,Q236,105.925,86.199,0.8137738966249705,D2 mai rapid
100,5,Q239,44.383,23.257,0.5240069395939887,D2 mai rapid
100,5,Q240,193.929,78.438,0.4044676144362112,D2 mai rapid
100,5,Q241,49.726,95.248,1.915456702730966,D1 mai rapid
100,5,Q242,2480.193,272.294,0.10978742380129286,D2 mai rapid
100,5,Q243,89.23,73.94,0.8286450745265045,D2 mai rapid
100,5,Q244,25.963,20.616,0.7940530755305627,D2 mai rapid
100,5,Q245,25.545,19.691,0.7708357799960852,D2 mai rapid
100,5,Q246,86.78,31.565,0.36373588384420374,D2 mai rapid
